loan_id,account_id,client_id,loan_date,status,target_completed,feat_loan_amount,feat_duration_months,feat_monthly_payment,feat_payment_to_amount_ratio,feat_account_age_days,feat_client_age_years,feat_client_is_female,feat_district_salary,feat_district_unemployment,feat_district_crimes,feat_district_entrepreneurs,feat_had_pre_loan_overdraft,feat_pre_loan_tx_count,feat_w90_trans_count,feat_w90_inflow_total,feat_w90_outflow_total,feat_w90_net_cash_flow,feat_w90_outflow_to_inflow_ratio,feat_w90_cash_withdrawal_amount,feat_w90_cash_withdrawal_ratio,feat_w90_balance_mean,feat_w90_balance_min,feat_w90_balance_slope,feat_w90_had_negative_balance,feat_w90_had_sanction_interest,feat_w90_min_bal_to_payment_ratio
5314,1787,2166,1993-07-05,B,1.0,96396.0,12.0,8033.0,0.08333333333333333,105.0,45.95482546201232,1.0,9650.0,3.38,2985.0,100.0,0.0,4.0,7.0,42703.0,32300.0,10403.0,0.7563694267515924,32300.0,0.9999690412061546,40252.48571428571,30312.4,-340.89529694473055,0.0,0.0,3.7734843769451016
5316,1801,2181,1993-07-11,A,0.0,165960.0,36.0,4610.0,0.027777777777777776,148.0,24.969199178644764,0.0,8369.0,1.79,2854.0,117.0,0.0,37.0,27.0,130583.1,140454.80000000002,-9871.700000000012,1.075588835087886,100998.79999999999,0.7190788846028429,57942.003703703704,32731.9,-30.20301481442034,0.0,0.0,7.100195227765727
6863,9188,11314,1993-07-28,A,0.0,127080.0,60.0,2118.0,0.016666666666666666,170.0,57.152635181382614,0.0,8390.0,2.28,2080.0,132.0,0.0,24.0,27.0,40771.600000000006,35017.700000000004,5753.9000000000015,0.8588537400116745,3243.7999999999997,0.09263050884241845,25286.770370370374,20393.4,78.51227541805301,0.0,0.0,9.628611898016997
5325,1843,2235,1993-08-03,A,0.0,105804.0,36.0,2939.0,0.027777777777777776,185.0,53.28678986995209,1.0,8754.0,3.83,3804.0,137.0,0.0,25.0,19.0,54852.399999999994,57134.899999999994,-2282.5,1.041592681584004,27336.799999999996,0.4784522515616276,31695.54736842106,19799.1,40.105734597156435,0.0,0.0,6.736679142565498
7240,11013,13539,1993-09-06,A,0.0,274740.0,60.0,4579.0,0.016666666666666666,204.0,14.99794661190965,0.0,12541.0,0.29,85677.0,167.0,0.0,27.0,23.0,127527.50000000001,96392.0,31135.500000000015,0.7558467322990546,51890.0,0.5383170977145644,60079.50434782609,31777.9,211.67238175826662,0.0,0.0,6.939921380214021
6687,8261,10200,1993-09-13,A,0.0,87840.0,24.0,3660.0,0.041666666666666664,124.0,13.574264202600958,1.0,8598.0,2.77,1597.0,123.0,0.0,17.0,32.0,67452.6,93672.20000000001,-26219.600000000006,1.3886908927025392,67927.79999999999,0.7251572488182317,39333.76875,17628.0,-483.78367051309493,0.0,0.0,4.81639344262295
7284,11265,13845,1993-09-15,A,0.0,52788.0,12.0,4399.0,0.08333333333333333,244.0,20.577686516084874,0.0,9045.0,3.13,1845.0,124.0,0.0,43.0,22.0,30308.3,29679.8,628.5,0.97923079714807,7143.800000000001,0.24068758254494493,22369.05909090909,16829.0,68.25555152625041,0.0,0.0,3.825642191407138
6111,5428,6551,1993-09-24,B,1.0,174744.0,24.0,7281.0,0.041666666666666664,163.0,45.1170431211499,1.0,8991.0,1.39,5198.0,128.0,0.0,32.0,18.0,33417.7,62987.700000000004,-29570.000000000007,1.884804016912687,41143.8,0.6531933505533533,37716.95,19844.5,-108.73750122825983,0.0,0.0,2.7255184727372614
7235,10973,13490,1993-10-13,A,0.0,154416.0,48.0,3217.0,0.020833333333333332,176.0,24.386036960985628,1.0,8968.0,2.83,1740.0,131.0,0.0,32.0,31.0,257230.30000000002,247062.4,10167.900000000023,0.9604678746326749,240629.0,0.9739564824251589,86038.99677419358,37402.7,403.360257374099,0.0,0.0,11.626577556729872
5997,4894,5911,1993-11-04,A,0.0,117024.0,24.0,4876.0,0.041666666666666664,137.0,58.08898015058179,0.0,10045.0,1.42,6604.0,135.0,0.0,13.0,22.0,102972.2,135669.2,-32697.000000000015,1.3175195099307395,121041.8,0.8921767639466883,43884.027272727275,19584.4,-538.5789816807687,0.0,0.0,4.016488925348646
7121,10364,12754,1993-11-10,A,0.0,21924.0,36.0,609.0,0.027777777777777776,297.0,33.223819301848046,0.0,8743.0,1.88,3659.0,111.0,0.0,45.0,27.0,51144.1,64836.799999999996,-13692.699999999997,1.2677030644186833,44223.799999999996,0.6820681762798861,35216.55925925925,20790.1,-149.86645734349875,0.0,0.0,34.13809523809523
6077,5270,6367,1993-11-22,A,0.0,79608.0,24.0,3317.0,0.041666666666666664,313.0,23.57015742642026,0.0,8254.0,2.79,2166.0,97.0,0.0,53.0,27.0,159347.8,190621.80000000002,-31274.00000000003,1.1962550078820802,180670.8,0.9477921843557012,60098.16296296297,24909.0,-734.0896329979798,0.0,0.0,7.509496533011758
6228,6034,7291,1993-12-01,B,1.0,464520.0,60.0,7742.0,0.016666666666666666,257.0,52.99657768651608,1.0,8546.0,2.95,2640.0,126.0,0.0,68.0,24.0,73845.0,130607.40000000001,-56762.40000000001,1.7686455596782495,107382.0,0.8221676400599042,45520.020833333336,11226.2,-871.2712703783451,0.0,0.0,1.4500387496770861
6356,6701,8091,1993-12-08,A,0.0,95400.0,36.0,2650.0,0.027777777777777776,268.0,22.82546201232033,0.0,8208.0,1.89,1660.0,155.0,0.0,47.0,20.0,46600.3,72709.6,-26109.300000000003,1.5602483192528964,64759.0,0.8906404293184211,19067.309999999998,1528.0,-260.73095476025134,0.0,0.0,0.5766037735849057
5523,2705,3264,1993-12-08,A,0.0,93888.0,36.0,2608.0,0.027777777777777776,156.0,43.134839151266256,1.0,8288.0,3.79,1562.0,110.0,0.0,19.0,21.0,59015.600000000006,68836.59999999999,-9820.999999999985,1.1663938620659269,28843.0,0.41900066242867273,24211.433333333334,10060.7,-143.99433841682867,0.0,0.0,3.85763036809816
6456,7123,8598,1993-12-09,A,0.0,47016.0,12.0,3918.0,0.08333333333333333,239.0,35.93976728268309,1.0,9624.0,1.6,4484.0,145.0,0.0,42.0,36.0,279507.0,261197.6,18309.399999999994,0.9344906049200739,205700.0,0.7875233634483493,77316.49722222224,38485.8,197.39221382765433,0.0,0.0,9.822817764165391
7104,10320,12695,1993-12-13,A,0.0,259740.0,60.0,4329.0,0.016666666666666666,155.0,14.746064339493497,0.0,9893.0,4.09,5623.0,96.0,0.0,17.0,26.0,80267.5,108872.2,-28604.699999999997,1.3563502494751989,58643.799999999996,0.5386431187840534,38318.57307692307,19705.2,-195.48657654842467,0.0,0.0,4.551905751905752
6820,9034,11126,1993-12-16,A,0.0,38148.0,12.0,3179.0,0.08333333333333333,171.0,28.89801505817933,1.0,12541.0,0.29,85677.0,167.0,0.0,29.0,29.0,66218.4,80779.8,-14561.400000000009,1.2198811828557796,27943.8,0.3459213080335921,30294.741379310348,20475.4,-65.31409796720001,0.0,0.0,6.44083044982699
6876,9236,11372,1993-12-21,A,0.0,86616.0,12.0,7218.0,0.08333333333333333,125.0,32.2299794661191,0.0,9622.0,0.45,3475.0,154.0,0.0,15.0,28.0,41284.3,56872.2,-15587.899999999994,1.3775411587175095,23949.199999999997,0.4210981622275518,25918.171428571433,15012.7,-193.86400438128848,0.0,0.0,2.0798974785259077
7097,10266,12625,1993-12-23,B,1.0,75624.0,24.0,3151.0,0.041666666666666664,196.0,35.044490075290895,0.0,9897.0,1.6,18721.0,140.0,0.0,23.0,21.0,17093.7,54916.3,-37822.600000000006,3.212475211615296,45462.4,0.8278338519919952,11380.866666666667,-2325.3,-439.2120886151179,1.0,1.0,-0.7379562043795621
4959,2,2,1994-01-05,A,0.0,80952.0,24.0,3373.0,0.041666666666666664,313.0,48.917180013689254,0.0,12541.0,0.29,85677.0,167.0,0.0,54.0,23.0,61060.799999999996,65125.9,-4065.100000000006,1.066557160123023,25943.8,0.39835766787610033,28117.15652173913,12772.7,7.753596920992427,0.0,0.0,3.786747702342129
6499,7401,9173,1994-01-05,A,0.0,80952.0,24.0,3373.0,0.041666666666666664,313.0,48.917180013689254,0.0,12541.0,0.29,85677.0,167.0,0.0,54.0,23.0,61072.1,65125.9,-4053.800000000003,1.0663598212633714,25943.8,0.39835766787610033,29030.139130434785,13685.0,7.892009896810056,0.0,0.0,4.057219092795731
5479,2486,3001,1994-01-10,A,0.0,24516.0,12.0,2043.0,0.08333333333333333,317.0,35.26078028747433,0.0,12541.0,0.29,85677.0,167.0,0.0,73.0,24.0,83925.7,122831.80000000002,-38906.10000000002,1.4635604640716247,116702.80000000002,0.9500947629623357,46140.145833333336,3209.7,-774.9804824881429,0.0,0.0,1.571071953010279
6721,8475,10459,1994-01-21,A,0.0,21072.0,24.0,878.0,0.041666666666666664,135.0,29.451060917180012,1.0,9753.0,4.64,5244.0,109.0,0.0,15.0,24.0,20143.699999999997,28647.199999999997,-8503.5,1.4220713140428998,13029.2,0.4547999525275585,28223.170833333337,22363.5,-104.41200070140647,0.0,0.0,25.470956719817767
7259,11111,13657,1994-01-31,A,0.0,108144.0,36.0,3004.0,0.027777777777777776,256.0,30.72416153319644,1.0,12541.0,0.29,85677.0,167.0,0.0,55.0,18.0,40586.2,23279.9,17306.299999999996,0.5735773840028384,58.4,0.0025084940874278913,21195.077777777777,11395.1,142.5195362587263,0.0,0.0,3.793308921438083
5285,1603,1944,1994-02-06,A,0.0,78936.0,12.0,6578.0,0.08333333333333333,273.0,37.040383299110196,1.0,12541.0,0.29,85677.0,167.0,0.0,51.0,22.0,30522.4,31495.8,-973.3999999999978,1.0318575257015927,1123.7999999999997,0.03567981509232683,24205.45909090909,21132.4,-4.4036824147605955,0.0,0.0,3.2125874125874128
5189,1166,1404,1994-02-07,A,0.0,149040.0,48.0,3105.0,0.020833333333333332,292.0,25.13347022587269,1.0,9622.0,0.45,3475.0,154.0,0.0,54.0,18.0,56276.600000000006,40550.4,15726.200000000004,0.7205424538359845,18043.8,0.44496120972395525,36514.71111111111,28562.4,85.03782466019055,0.0,0.0,9.198840579710145
6650,8073,9973,1994-02-17,B,1.0,49320.0,12.0,4110.0,0.08333333333333333,167.0,48.375085557837096,1.0,8991.0,1.39,5198.0,128.0,0.0,49.0,21.0,39153.7,54420.1,-15266.400000000001,1.3898740125706492,5304.1,0.09746403508933117,8963.471428571427,-3067.6,-32.49182414104884,1.0,1.0,-0.7463746958637469
7226,10940,13447,1994-02-23,A,0.0,197748.0,36.0,5493.0,0.027777777777777776,163.0,23.805612594113622,1.0,8187.0,4.83,2123.0,94.0,0.0,16.0,19.0,72938.3,83373.79999999999,-10435.499999999985,1.1430573092969083,44343.799999999996,0.5318609459932737,38540.96315789473,25508.1,-82.3072160532607,0.0,0.0,4.643746586564719
7262,11135,13687,1994-03-01,A,0.0,182628.0,36.0,5073.0,0.027777777777777776,142.0,34.77344284736482,0.0,8819.0,5.38,4063.0,99.0,0.0,13.0,16.0,46704.5,62576.2,-15871.699999999997,1.3398036633801158,40829.2,0.6524612798271575,36011.131250000006,24893.2,-237.22012891730427,0.0,0.0,4.9069978316577965
5519,2694,3251,1994-03-08,A,0.0,91632.0,12.0,7636.0,0.08333333333333333,365.0,31.19233401779603,1.0,9920.0,2.26,4289.0,130.0,0.0,70.0,19.0,53238.4,51727.799999999996,1510.6000000000058,0.9716074936982759,18223.800000000003,0.35229504647314464,40176.563157894736,31115.3,-90.02713267352453,0.0,0.0,4.0748166579360925
6577,7753,9593,1994-03-11,A,0.0,51696.0,24.0,2154.0,0.041666666666666664,396.0,26.116358658453116,1.0,10673.0,4.75,18782.0,100.0,0.0,102.0,12.0,411.9,13005.2,-12593.300000000001,31.4972148219908,6543.800000000001,0.5031292768064463,30409.800000000003,25512.4,-159.11114275892552,0.0,0.0,11.844196843082637
6509,7445,9226,1994-03-15,A,0.0,55368.0,24.0,2307.0,0.041666666666666664,362.0,54.220396988364136,1.0,9624.0,1.6,4484.0,145.0,0.0,98.0,19.0,35534.600000000006,26987.2,8547.400000000005,0.759441236393926,20066.8,0.7435397692324793,20872.542105263157,11974.4,-94.66930484000284,0.0,0.0,5.190463805808409
6520,7485,9273,1994-03-16,A,0.0,91200.0,24.0,3800.0,0.041666666666666664,231.0,38.554414784394254,1.0,10446.0,7.34,4947.0,90.0,0.0,36.0,20.0,80152.29999999999,64119.200000000004,16033.099999999984,0.7999570822411556,21882.800000000003,0.34127778765506034,26164.31,12129.1,49.20677229388671,0.0,0.0,3.191868421052632
6699,8330,10287,1994-03-30,A,0.0,7656.0,24.0,319.0,0.041666666666666664,367.0,31.57015742642026,1.0,9060.0,1.78,1655.0,124.0,0.0,81.0,23.0,74808.5,68064.79999999999,6743.700000000012,0.9098416644944824,55983.8,0.8224952913210454,48115.19565217393,36527.1,111.15569060803686,0.0,0.0,114.50501567398119
6336,6555,7914,1994-03-31,A,0.0,212400.0,36.0,5900.0,0.027777777777777776,391.0,27.433264887063654,1.0,8965.0,7.08,2653.0,104.0,0.0,71.0,16.0,86184.70000000001,97288.0,-11103.299999999988,1.1288183538568461,79588.0,0.8180575399068754,55524.368749999994,29133.9,-91.73737827145463,0.0,0.0,4.937949152542373
6202,5891,7127,1994-04-18,A,0.0,65184.0,12.0,5432.0,0.08333333333333333,448.0,36.550308008213555,0.0,9897.0,1.6,18721.0,140.0,0.0,82.0,18.0,114731.8,102126.70000000001,12605.099999999991,0.8901264503263235,85829.8,0.8404164590018183,58703.88888888889,30562.5,236.3461447630096,0.0,0.0,5.626380706921944
7066,10131,12464,1994-05-02,B,1.0,215388.0,36.0,5983.0,0.027777777777777776,156.0,34.37371663244353,0.0,12541.0,0.29,85677.0,167.0,0.0,15.0,8.0,22081.1,22500.0,-418.90000000000146,1.0189248305188365,22500.0,0.9999555575307764,35454.024999999994,28162.8,-8.20544066074531,0.0,0.0,4.707136887848905
6072,5256,6349,1994-05-10,A,0.0,193968.0,36.0,5388.0,0.027777777777777776,197.0,21.43189596167009,0.0,8994.0,3.8,9672.0,110.0,0.0,29.0,29.0,224135.5,196161.5,27974.0,0.8751876646597051,179996.0,0.9175861849232142,69869.62413793102,32308.0,-41.79603450899467,0.0,0.0,5.996288047512992
5130,813,976,1994-05-11,A,0.0,24312.0,12.0,2026.0,0.08333333333333333,455.0,38.47501711156742,1.0,8427.0,1.12,1874.0,107.0,0.0,78.0,18.0,45365.0,49038.9,-3673.9000000000015,1.0809615130273773,42961.8,0.8760580670025836,35253.316666666666,24788.2,-14.403714412811391,0.0,0.0,12.235044422507404
6678,8173,10095,1994-05-20,A,0.0,80340.0,12.0,6695.0,0.08333333333333333,319.0,18.28336755646817,1.0,9622.0,0.45,3475.0,154.0,0.0,52.0,19.0,143875.1,157741.80000000002,-13866.700000000012,1.0963725038418473,137656.8,0.8726661375352788,72862.99999999999,45005.8,-138.33122394187131,0.0,0.0,6.722300224047797
6998,9833,12102,1994-05-21,A,0.0,97632.0,12.0,8136.0,0.08333333333333333,301.0,25.700205338809035,1.0,8547.0,2.65,1563.0,120.0,0.0,65.0,25.0,171460.3,169730.8,1729.5,0.989907343522999,107984.8,0.63620841822216,59281.27200000001,27361.9,-259.455286021918,0.0,0.0,3.363065388397247
6580,7769,9611,1994-05-22,A,0.0,196080.0,48.0,4085.0,0.020833333333333332,231.0,35.98631074606434,0.0,8624.0,1.79,2879.0,102.0,0.0,47.0,30.0,267997.5,300023.80000000005,-32026.300000000047,1.1194980568921096,287768.8,0.9591500435963959,80831.59333333332,26193.7,-282.7112836256018,0.0,0.0,6.412166462668299
6316,6473,7815,1994-05-26,B,1.0,76908.0,12.0,6409.0,0.08333333333333333,485.0,48.34770704996578,1.0,8754.0,3.83,3804.0,137.0,0.0,102.0,18.0,104319.40000000001,109529.4,-5209.999999999985,1.0499327073132387,96711.79999999999,0.8829676509900447,40574.038888888885,-32.6,277.1165412491858,1.0,0.0,-0.00508659697300671
6512,7454,9236,1994-05-26,A,0.0,63312.0,48.0,1319.0,0.020833333333333332,402.0,38.050650239561946,1.0,9753.0,4.64,5244.0,109.0,0.0,82.0,23.0,14917.399999999998,20931.800000000003,-6014.400000000005,1.4030861218361221,8643.8,0.4129309026981578,26159.556521739127,20963.0,-80.88121538152657,0.0,0.0,15.893100833965125
6407,6930,8366,1994-05-26,A,0.0,25944.0,24.0,1081.0,0.041666666666666664,260.0,34.012320328542096,1.0,9832.0,3.32,6445.0,114.0,0.0,37.0,17.0,85512.0,88326.8,-2814.800000000003,1.032904938430414,85083.79999999999,0.9632731710741124,63626.3411764706,39916.1,-135.32766240713224,0.0,0.0,36.925161887141535
5002,173,210,1994-05-31,A,0.0,104808.0,12.0,8734.0,0.08333333333333333,186.0,54.49965776865161,0.0,8512.0,3.51,2247.0,102.0,0.0,30.0,27.0,60996.5,63869.8,-2873.300000000003,1.0470888151153737,11843.800000000001,0.18543371932087904,33940.88888888889,25142.0,-110.163515744976,0.0,0.0,2.8786352186855964
6647,8051,9945,1994-06-01,A,0.0,208320.0,48.0,4340.0,0.020833333333333332,479.0,26.130047912388775,1.0,12541.0,0.29,85677.0,167.0,0.0,85.0,19.0,91565.3,101206.0,-9640.699999999997,1.1052756308816671,88186.0,0.8713428913019851,47873.473684210534,33033.5,-137.56207917660925,0.0,0.0,7.611405529953917
7137,10439,12843,1994-06-03,A,0.0,151560.0,24.0,6315.0,0.041666666666666664,194.0,41.07871321013005,0.0,8512.0,3.51,2247.0,102.0,0.0,28.0,19.0,133183.5,107140.80000000002,26042.699999999983,0.8044539717459616,57793.799999999996,0.5394141222193392,45177.56842105263,11189.2,112.22723887355373,0.0,0.0,1.7718448139350753
6903,9337,11497,1994-06-04,A,0.0,52128.0,24.0,2172.0,0.041666666666666664,264.0,34.8829568788501,1.0,9650.0,3.38,2985.0,100.0,0.0,71.0,19.0,1136.1999999999998,36305.799999999996,-35169.6,31.925606753429477,29789.799999999996,0.8205019445393149,30956.531578947368,23408.6,-247.51597596672318,0.0,0.0,10.77744014732965
5918,4576,5517,1994-06-04,A,0.0,300204.0,36.0,8339.0,0.027777777777777776,364.0,30.2258726899384,0.0,8561.0,0.65,1029.0,110.0,0.0,71.0,20.0,66673.59999999999,64420.799999999996,2252.7999999999956,0.966197022554316,39403.799999999996,0.6116531981410019,39792.049999999996,29319.0,-142.69560938083336,0.0,0.0,3.515889195347164
6642,8027,9915,1994-06-05,A,0.0,77640.0,12.0,6470.0,0.08333333333333333,333.0,26.90485968514716,0.0,8254.0,2.79,2166.0,97.0,0.0,60.0,18.0,136853.5,109310.09999999999,27543.40000000001,0.7987322302153016,89901.0,0.8224324885578866,76158.63333333333,51522.3,-99.71214315070657,0.0,0.0,7.963261205564143
6210,5927,7166,1994-06-06,B,1.0,87216.0,48.0,1817.0,0.020833333333333332,192.0,30.064339493497606,0.0,9045.0,3.13,1845.0,124.0,0.0,33.0,22.0,38830.4,32991.7,5838.700000000004,0.8496139721977574,27539.8,0.8347240450160187,27825.886363636368,16091.3,33.24907029678255,0.0,0.0,8.855971381397909
6279,6273,7576,1994-06-07,A,0.0,87360.0,24.0,3640.0,0.041666666666666664,321.0,31.90965092402464,0.0,8965.0,7.08,2653.0,104.0,0.0,30.0,14.0,37220.899999999994,30262.299999999996,6958.5999999999985,0.8130240530440412,19343.8,0.6391834333995302,36756.81428571429,20675.4,249.5541725427678,0.0,0.0,5.680054945054946
7249,11065,13603,1994-06-12,A,0.0,69360.0,48.0,1445.0,0.020833333333333332,450.0,52.87337440109514,0.0,9622.0,0.45,3475.0,154.0,0.0,78.0,20.0,35984.600000000006,37078.799999999996,-1094.1999999999898,1.030378818193944,32743.8,0.8830630154423703,34134.490000000005,29767.8,-2.950605541115968,0.0,0.0,20.60055363321799
6112,5442,6567,1994-06-17,B,1.0,174744.0,24.0,7281.0,0.041666666666666664,452.0,15.570157426420261,1.0,9675.0,6.43,5323.0,100.0,1.0,118.0,23.0,45451.9,40920.0,4531.9000000000015,0.9002725898677532,47.7,0.001165660663229149,9945.217391304346,-4256.6,168.57174248440157,1.0,1.0,-0.5846174975964841
6596,7844,9702,1994-06-25,A,0.0,91584.0,24.0,3816.0,0.041666666666666664,211.0,42.60643394934976,1.0,12541.0,0.29,85677.0,167.0,0.0,31.0,18.0,96497.8,97724.8,-1227.0,1.012704821199849,86276.79999999999,0.8828456763720531,52107.62222222222,27794.0,-49.66957113507961,0.0,0.0,7.283542976939203
5657,3354,4056,1994-07-05,A,0.0,4980.0,12.0,415.0,0.08333333333333333,242.0,41.94113620807666,1.0,8288.0,3.79,1562.0,110.0,0.0,46.0,25.0,31718.899999999998,21087.8,10631.099999999999,0.6648129407721967,5643.800000000001,0.26762072759000044,28936.124,19307.3,97.22652551693797,0.0,0.0,46.52361445783132
5533,2762,3335,1994-07-05,A,0.0,111384.0,24.0,4641.0,0.041666666666666664,472.0,27.397672826830938,0.0,8402.0,3.13,999.0,120.0,0.0,152.0,33.0,332527.69999999995,329241.8,3285.899999999965,0.9901154396597949,292443.8,0.8882314207022902,82440.30606060605,40805.8,-493.2947809011417,0.0,0.0,8.792458521870287
6232,6051,7311,1994-07-08,B,1.0,276660.0,36.0,7685.0,0.027777777777777776,314.0,45.138945927446954,0.0,8772.0,4.69,2854.0,126.0,0.0,58.0,19.0,36486.0,38318.799999999996,-1832.7999999999956,1.050204182311508,15263.8,0.39832671360497707,18879.13684210527,9594.1,48.8835571545781,0.0,0.0,1.2484189980481457
6888,9265,11409,1994-07-11,A,0.0,39576.0,12.0,3298.0,0.08333333333333333,522.0,14.190280629705681,1.0,12541.0,0.29,85677.0,167.0,0.0,115.0,24.0,50574.600000000006,56468.700000000004,-5894.0999999999985,1.1165206146837605,6043.800000000001,0.10702730845037252,32018.074999999997,16585.7,-39.68667413213884,0.0,0.0,5.02901758641601
6066,5228,6317,1994-07-11,A,0.0,173808.0,24.0,7242.0,0.041666666666666664,383.0,37.451060917180016,1.0,8909.0,4.01,3460.0,113.0,0.0,75.0,21.0,149831.4,156149.0,-6317.600000000006,1.0421577709494074,134423.0,0.860858149215498,63775.747619047615,38301.7,-89.42691188467985,0.0,0.0,5.288829052747859
6004,4937,5965,1994-07-23,A,0.0,143904.0,24.0,5996.0,0.041666666666666664,518.0,43.285420944558524,0.0,8754.0,3.83,3804.0,137.0,0.0,139.0,26.0,166964.0,119146.4,47817.600000000006,0.7136010541131375,90696.79999999999,0.7612150999518243,78980.94999999998,46147.9,-88.98631253662957,0.0,0.0,7.696447631754503
5126,790,946,1994-07-24,B,1.0,208128.0,48.0,4336.0,0.020833333333333332,439.0,42.965092402464066,0.0,9897.0,1.6,18721.0,140.0,1.0,64.0,17.0,31513.0,78064.2,-46551.2,2.477127625817097,65056.799999999996,0.8333649308526718,45681.794117647056,24002.2,-562.4715878408286,0.0,0.0,5.535562730627307
7220,10911,13412,1994-07-28,A,0.0,131292.0,36.0,3647.0,0.027777777777777776,425.0,40.355920602327174,0.0,12541.0,0.29,85677.0,167.0,0.0,83.0,20.0,66009.9,66767.0,-757.1000000000058,1.0114541689327066,33890.0,0.5075784807093219,31786.019999999997,20861.3,96.5729226741203,0.0,0.0,5.72012613106663
6668,8129,10043,1994-07-30,A,0.0,74736.0,36.0,2076.0,0.027777777777777776,399.0,28.750171115674195,0.0,8390.0,2.28,2080.0,132.0,0.0,67.0,20.0,62281.90000000001,60823.799999999996,1458.100000000013,0.9765730240563619,36043.8,0.5925839460220175,32524.700000000004,21389.8,-10.659204333325233,0.0,0.0,10.303371868978806
5395,2176,2635,1994-07-30,B,1.0,299088.0,36.0,8308.0,0.027777777777777776,419.0,27.63586584531143,1.0,8110.0,5.77,3244.0,109.0,0.0,126.0,28.0,184591.0,166155.19999999998,18435.800000000017,0.9001213487041692,122571.79999999999,0.7376901975370164,48918.95,6850.8,603.1807485125837,0.0,0.0,0.8246027924891671
6064,5215,6301,1994-08-04,A,0.0,14628.0,12.0,1219.0,0.08333333333333333,399.0,45.4072553045859,1.0,8743.0,1.88,3659.0,111.0,0.0,102.0,28.0,46954.7,46637.799999999996,316.90000000000146,0.9932297889287136,23303.8,0.4996655145501171,38082.67857142857,29213.8,-5.126213869231358,0.0,0.0,23.96538146021329
6919,9403,11574,1994-08-05,A,0.0,120888.0,36.0,3358.0,0.027777777777777776,496.0,50.29158110882957,1.0,12541.0,0.29,85677.0,167.0,0.0,96.0,16.0,12990.0,38539.0,-25549.0,2.9665922561773534,18790.0,0.4875454073689673,29858.0,16997.6,-275.2054917317355,0.0,0.0,5.061822513400833
6841,9104,11208,1994-08-07,A,0.0,172080.0,48.0,3585.0,0.020833333333333332,198.0,37.42368240930869,1.0,10124.0,0.56,3810.0,141.0,0.0,42.0,20.0,93293.0,98920.40000000001,-5627.400000000009,1.060308272772097,88164.8,0.8912611426850003,53169.54,33727.4,-238.2134062213282,0.0,0.0,9.40792189679219
6038,5120,6178,1994-08-10,A,0.0,323472.0,48.0,6739.0,0.020833333333333332,415.0,53.817932922655714,1.0,12541.0,0.29,85677.0,167.0,0.0,57.0,19.0,24137.000000000004,81444.90000000001,-57307.90000000001,3.374136216753666,52204.799999999996,0.6409751749320713,26321.173684210524,5034.8,-551.1455693312134,0.0,0.0,0.7471138151060989
6729,8519,10510,1994-08-11,A,0.0,74688.0,12.0,6224.0,0.08333333333333333,496.0,49.53867214236824,1.0,8624.0,1.79,2879.0,102.0,0.0,112.0,23.0,113264.5,128949.70000000001,-15685.200000000012,1.1384728800914665,69143.79999999999,0.5362033707455639,45613.22173913044,13248.0,-244.12487577511155,0.0,0.0,2.12853470437018
7198,10788,13260,1994-08-23,A,0.0,45768.0,12.0,3814.0,0.08333333333333333,274.0,17.240246406570844,1.0,8110.0,5.77,3244.0,109.0,0.0,27.0,19.0,12190.3,48181.1,-35990.8,3.9520887846251016,36740.0,0.7625238418416799,27855.000000000007,12636.8,-424.08547742804893,0.0,0.0,3.3132669113791295
6686,8260,10198,1994-08-25,A,0.0,224604.0,36.0,6239.0,0.027777777777777776,519.0,18.253251197809718,0.0,8930.0,3.52,1328.0,108.0,0.0,93.0,19.0,112905.8,113841.40000000001,-935.6000000000058,1.0082776236683708,95123.79999999999,0.8355744432654264,52206.96842105263,38544.7,-17.889354080324072,0.0,0.0,6.178025324571245
5836,4259,5133,1994-08-27,A,0.0,79632.0,24.0,3318.0,0.041666666666666664,141.0,35.04722792607803,1.0,8512.0,3.51,2247.0,102.0,0.0,16.0,23.0,133350.2,144005.8,-10655.599999999977,1.0798987935616626,98738.79999999999,0.685653733018163,71166.7391304348,44496.8,-128.64747011207967,0.0,0.0,13.410729355033153
7061,10105,12432,1994-08-27,A,0.0,121896.0,24.0,5079.0,0.041666666666666664,486.0,29.472963723477072,0.0,8743.0,1.88,3659.0,111.0,0.0,93.0,22.0,115761.40000000001,129031.8,-13270.399999999994,1.114626165317927,113794.8,0.8819059959948168,43730.12272727274,18034.8,-332.07147712151914,0.0,0.0,3.5508564678086234
5595,3050,3687,1994-09-02,A,0.0,82896.0,12.0,6908.0,0.08333333333333333,482.0,22.570841889117045,0.0,8441.0,3.45,1879.0,115.0,0.0,126.0,28.0,125090.4,132155.30000000002,-7064.900000000023,1.0564699092023915,81804.8,0.6190003806099292,64669.38928571429,38130.6,-308.64427142238975,0.0,0.0,5.519774174869716
5723,3674,4428,1994-09-10,A,0.0,23628.0,12.0,1969.0,0.08333333333333333,547.0,40.506502395619435,0.0,8965.0,7.08,2653.0,104.0,0.0,110.0,23.0,183235.7,181542.90000000002,1692.7999999999884,0.9907562185959473,147127.8,0.8104254673387538,79814.85652173913,43515.6,334.8427581922371,0.0,0.0,22.100355510411376
6120,5481,6616,1994-09-11,A,0.0,209184.0,48.0,4358.0,0.020833333333333332,391.0,41.23203285420944,0.0,8363.0,2.52,2564.0,108.0,0.0,68.0,17.0,127993.90000000001,124834.8,3159.100000000006,0.9753107350370991,111760.79999999999,0.8952624167105909,50217.182352941185,29614.6,71.50901951614009,0.0,0.0,6.795456631482331
6895,9307,11461,1994-09-19,A,0.0,41904.0,12.0,3492.0,0.08333333333333333,603.0,20.199863107460644,0.0,9893.0,4.09,5623.0,96.0,0.0,143.0,22.0,21079.1,32685.3,-11606.2,1.5505286976816999,43.8,0.0013400109526009367,30684.831818181825,19198.4,-158.13823482021013,0.0,0.0,5.497823596792669
5882,4427,5337,1994-09-26,A,0.0,87816.0,12.0,7318.0,0.08333333333333333,476.0,33.40177960301163,0.0,9272.0,2.8,4340.0,118.0,0.0,84.0,19.0,44183.4,38412.8,5770.5999999999985,0.8693747114366157,1443.8000000000002,0.03758545106185798,22462.68421052631,15340.5,79.03136811713753,0.0,0.0,2.096269472533479
5754,3834,4620,1994-09-28,A,0.0,23052.0,12.0,1921.0,0.08333333333333333,617.0,53.90554414784394,1.0,9897.0,1.6,18721.0,140.0,0.0,171.0,29.0,55654.299999999996,37126.8,18527.499999999993,0.6670847161007128,10543.800000000001,0.2839866622854034,32962.13103448275,22162.6,138.48701782187675,0.0,0.0,11.537011972930765
6594,7824,9675,1994-09-28,B,1.0,189696.0,24.0,7904.0,0.041666666666666664,134.0,24.605065023956193,1.0,8441.0,3.45,1879.0,115.0,0.0,5.0,3.0,2600.0,3100.0,-500.0,1.191849288735102,3100.0,0.999677523379555,22900.0,21800.0,-48.333333333333336,0.0,0.0,2.7580971659919027
6738,8566,10566,1994-09-29,B,1.0,230220.0,36.0,6395.0,0.027777777777777776,356.0,51.88774811772758,1.0,10673.0,4.75,18782.0,100.0,1.0,82.0,19.0,35833.0,34785.6,1047.4000000000015,0.9707428699000948,43.8,0.0012591055176418506,9244.494736842104,3015.3,6.5797616468039095,0.0,0.0,0.4715089913995309
6624,7965,9844,1994-09-30,A,0.0,71460.0,12.0,5955.0,0.08333333333333333,326.0,49.158110882956876,0.0,8743.0,1.88,3659.0,111.0,0.0,43.0,26.0,139609.6,174012.8,-34403.19999999998,1.2464153867972774,134343.8,0.7720295746659173,59863.565384615395,29927.8,-186.2082359515945,0.0,0.0,5.0256591099916035
6216,5952,7195,1994-09-30,A,0.0,141240.0,24.0,5885.0,0.041666666666666664,388.0,32.05201916495551,0.0,8187.0,4.83,2123.0,94.0,0.0,102.0,31.0,124181.5,95758.70000000001,28422.79999999999,0.7711126769069717,49062.8,0.5123533177317806,51899.13870967741,22581.9,419.3530503702321,0.0,0.0,3.837196261682243
6229,6040,7299,1994-10-02,A,0.0,11736.0,24.0,489.0,0.041666666666666664,528.0,56.04380561259411,0.0,12541.0,0.29,85677.0,167.0,0.0,133.0,25.0,77649.4,72523.8,5125.599999999991,0.9339784469880388,44143.799999999996,0.6086717922696787,39288.676,25663.4,39.79983156061051,0.0,0.0,52.48139059304704
5887,4448,5366,1994-10-03,A,0.0,192744.0,36.0,5354.0,0.027777777777777776,488.0,23.0362765229295,1.0,8441.0,3.45,1879.0,115.0,0.0,76.0,17.0,56959.00000000001,51903.299999999996,5055.700000000012,0.9112236657303369,35842.799999999996,0.6905555031086056,45833.64117647059,34074.9,-65.75907897652691,0.0,0.0,6.364381770638775
6808,8982,11063,1994-10-12,A,0.0,227880.0,36.0,6330.0,0.027777777777777776,382.0,38.93771389459275,1.0,9624.0,1.6,4484.0,145.0,0.0,83.0,21.0,26961.6,57048.4,-30086.800000000003,2.1158345263438987,38057.8,0.6671025462143336,35136.06190476191,22616.1,-48.61085298697963,0.0,0.0,3.5728436018957344
6297,6363,7683,1994-10-25,A,0.0,17508.0,12.0,1459.0,0.08333333333333333,450.0,48.56673511293634,0.0,10673.0,4.75,18782.0,100.0,0.0,72.0,17.0,41560.5,49340.799999999996,-7780.299999999996,1.1871756312933843,44963.8,0.911271984402677,44421.56470588235,36887.8,55.82266072021634,0.0,0.0,25.282933516106926
5161,1012,1216,1994-10-28,A,0.0,98184.0,24.0,4091.0,0.041666666666666664,111.0,49.37713894592745,1.0,8403.0,5.74,2157.0,105.0,0.0,14.0,28.0,87469.1,124243.6,-36774.5,1.4204122322942354,111971.20000000001,0.9012158274886797,54299.44642857143,31527.3,-269.1948020746532,0.0,0.0,7.706502077731606
5390,2167,2623,1994-10-30,A,0.0,170256.0,24.0,7094.0,0.041666666666666664,448.0,29.28952772073922,1.0,8427.0,1.12,1874.0,107.0,0.0,77.0,21.0,85951.6,82191.79999999999,3759.8000000000175,0.9562456516731312,43143.8,0.5249097244527502,51982.57142857143,35983.1,112.50130213530238,0.0,0.0,5.07232872850296
6150,5622,6789,1994-11-02,A,0.0,83016.0,12.0,6918.0,0.08333333333333333,632.0,15.605749486652977,0.0,10177.0,6.63,9878.0,81.0,0.0,196.0,35.0,177868.3,196598.7,-18730.400000000023,1.1052986659305457,155143.80000000002,0.7891354869819233,67088.48857142859,39547.5,-409.90537227910414,0.0,0.0,5.716608846487424
6223,5991,7241,1994-11-03,A,0.0,61056.0,48.0,1272.0,0.020833333333333332,347.0,37.158110882956876,1.0,12541.0,0.29,85677.0,167.0,0.0,64.0,29.0,57342.200000000004,71638.8,-14296.599999999999,1.2492989578537645,49183.799999999996,0.6865429551729624,37235.85862068966,19094.3,-92.24571007761864,0.0,0.0,15.011242138364778
5032,290,352,1994-11-03,A,0.0,123696.0,48.0,2577.0,0.020833333333333332,336.0,54.18480492813142,0.0,8772.0,4.69,2854.0,126.0,0.0,61.0,22.0,51180.5,54910.8,-3730.300000000003,1.0728642185164563,29398.799999999996,0.535382194719532,27478.568181818187,12800.8,-203.55856971165588,0.0,0.0,4.96732634846721
6253,6148,7422,1994-11-04,A,0.0,59760.0,24.0,2490.0,0.041666666666666664,312.0,35.93976728268309,0.0,10673.0,4.75,18782.0,100.0,0.0,54.0,26.0,81182.5,89054.8,-7872.300000000003,1.0969568939501253,58043.799999999996,0.6517688909649905,38149.15,20367.6,-133.17980223325583,0.0,0.0,8.179759036144578
6460,7133,8610,1994-11-06,A,0.0,48672.0,36.0,1352.0,0.027777777777777776,415.0,46.51334702258727,1.0,12541.0,0.29,85677.0,167.0,0.0,97.0,34.0,19510.7,29513.8,-10003.099999999999,1.5126206327485558,16763.8,0.567979454375432,24181.082352941175,13034.8,-137.9735147639327,0.0,0.0,9.64112426035503
6645,8041,9933,1994-11-06,A,0.0,140400.0,36.0,3900.0,0.027777777777777776,392.0,53.059548254620125,0.0,12541.0,0.29,85677.0,167.0,0.0,45.0,21.0,61150.5,64083.299999999996,-2932.7999999999956,1.0479432229789947,52381.799999999996,0.817388970465465,9095.852380952381,173.0,-45.957818527853505,0.0,0.0,0.04435897435897436
5176,1106,1327,1994-11-12,B,1.0,192552.0,24.0,8023.0,0.041666666666666664,440.0,30.86652977412731,1.0,8547.0,2.65,1563.0,120.0,0.0,51.0,20.0,29756.8,54766.0,-25009.2,1.8403914267855823,38720.4,0.7070023919513576,7316.770000000002,-2783.8,-174.72493853367547,1.0,1.0,-0.34697743986040136
5269,1527,1851,1994-11-19,B,1.0,164052.0,36.0,4557.0,0.027777777777777776,367.0,19.186858316221766,1.0,8930.0,3.52,1328.0,108.0,1.0,65.0,23.0,57131.5,73648.1,-16516.600000000006,1.2890753949153284,59976.5,0.814354825788774,25251.930434782615,-3248.2,-380.2475933902765,1.0,1.0,-0.7127935044985736
5351,1978,2403,1994-12-04,A,0.0,205200.0,36.0,5700.0,0.027777777777777776,541.0,31.857631759069132,1.0,8720.0,3.73,3729.0,116.0,0.0,129.0,33.0,123022.09999999999,133661.9,-10639.800000000003,1.086478067940086,76790.0,0.5745049673469602,59729.93939393939,33868.2,-447.956612303949,0.0,0.0,5.94178947368421
5861,4337,5224,1994-12-08,A,0.0,51408.0,24.0,2142.0,0.041666666666666664,387.0,45.374401095140314,0.0,8843.0,2.82,818.0,113.0,0.0,64.0,22.0,121986.4,112200.80000000002,9785.599999999977,0.9197736815441596,105774.8,0.9427192790133491,60672.690909090896,27256.8,67.70562009439409,0.0,0.0,12.724929971988795
6306,6425,7753,1994-12-20,A,0.0,36684.0,12.0,3057.0,0.08333333333333333,631.0,16.240930869267626,1.0,8930.0,3.52,1328.0,108.0,0.0,125.0,20.0,37535.600000000006,42074.8,-4539.199999999997,1.1209006676150743,32903.8,0.782012463221139,35890.715000000004,28322.9,41.83399379531394,0.0,0.0,9.264932940791626
5576,2962,3576,1994-12-21,A,0.0,31248.0,12.0,2604.0,0.08333333333333333,570.0,55.7700205338809,1.0,12541.0,0.29,85677.0,167.0,0.0,120.0,30.0,126570.29999999999,137568.3,-10998.0,1.0868838354350472,129754.8,0.9431959019926686,60842.06666666665,40822.3,-152.6811610503093,0.0,0.0,15.676766513056837
7192,10738,13201,1994-12-21,A,0.0,115992.0,36.0,3222.0,0.027777777777777776,613.0,57.596167008898014,0.0,8390.0,2.28,2080.0,132.0,0.0,127.0,26.0,135637.2,109089.5,26547.70000000001,0.804268266609259,74741.0,0.685128402564843,47614.08076923077,9536.7,631.4574765135699,0.0,0.0,2.9598696461824954
5739,3747,4520,1995-01-02,A,0.0,76380.0,12.0,6365.0,0.08333333333333333,246.0,37.51403148528405,1.0,12541.0,0.29,85677.0,167.0,0.0,45.0,29.0,40226.2,46246.799999999996,-6020.5999999999985,1.1496400445469732,10003.8,0.21630866765554255,19184.917241379306,9689.6,-52.61332353363419,0.0,0.0,1.5223252160251375
6526,7523,9316,1995-01-03,A,0.0,288468.0,36.0,8013.0,0.027777777777777776,127.0,36.18891170431211,1.0,8288.0,3.79,1562.0,110.0,0.0,17.0,31.0,62714.1,90442.8,-27728.700000000004,1.442121594320985,66403.79999999999,0.7341995802918496,37329.28387096775,17975.0,-333.0694387912682,0.0,0.0,2.243229751653563
6244,6118,7390,1995-01-08,B,1.0,270648.0,36.0,7518.0,0.027777777777777776,307.0,57.177275838466805,0.0,12541.0,0.29,85677.0,167.0,0.0,72.0,23.0,23792.0,65451.700000000004,-41659.700000000004,2.750880511074686,42897.700000000004,0.6554000064168476,16281.534782608695,-568.3,-499.76083679585133,1.0,1.0,-0.07559191274275072
5131,816,980,1995-01-08,A,0.0,48624.0,24.0,2026.0,0.041666666666666664,521.0,33.27310061601643,0.0,8363.0,2.52,2564.0,108.0,0.0,117.0,24.0,88247.8,74676.9,13570.900000000009,0.8462086736590185,55057.799999999996,0.7372703303119129,40645.424999999996,22368.0,251.8851238817661,0.0,0.0,11.040473840078974
6960,9640,11866,1995-01-11,A,0.0,76416.0,24.0,3184.0,0.041666666666666664,669.0,57.35797399041752,0.0,12541.0,0.29,85677.0,167.0,0.0,153.0,24.0,66503.8,63283.700000000004,3220.0999999999985,0.9515659020100805,9678.800000000001,0.15294060017666197,21922.63333333333,7792.5,44.794255572765366,0.0,0.0,2.447393216080402
6598,7857,9715,1995-01-18,A,0.0,68112.0,12.0,5676.0,0.08333333333333333,532.0,17.13347022587269,1.0,8819.0,5.38,4063.0,99.0,0.0,147.0,27.0,114865.8,87022.79999999999,27843.000000000015,0.7575974955339575,41986.8,0.48247490916278085,49411.07037037038,17182.3,444.4927241101195,0.0,0.0,3.0271846370683577
5464,2419,2922,1995-01-30,A,0.0,95808.0,12.0,7984.0,0.08333333333333333,429.0,54.39561943874059,0.0,8991.0,1.39,5198.0,128.0,0.0,90.0,22.0,67966.1,102555.30000000002,-34589.20000000001,1.5088962159633117,78602.4,0.766431706292056,40227.718181818185,7837.0,-127.36461072173782,0.0,0.0,0.9815881763527055
6315,6472,7814,1995-02-06,A,0.0,43164.0,12.0,3597.0,0.08333333333333333,363.0,19.085557837097877,1.0,8814.0,4.76,2112.0,107.0,0.0,69.0,20.0,118336.0,103248.8,15087.199999999997,0.8724980352721465,92457.8,0.895476795112436,51839.045,22626.9,250.44297812851394,0.0,0.0,6.290492076730609
5877,4414,5320,1995-02-23,A,0.0,97224.0,24.0,4051.0,0.041666666666666664,531.0,43.88227241615332,1.0,8991.0,1.39,5198.0,128.0,0.0,112.0,21.0,43125.3,33871.8,9253.5,0.7854093673697953,43.8,0.0012930729080560211,29346.290476190476,19553.0,99.97209042701648,0.0,0.0,4.82670945445569
6227,6030,7286,1995-03-04,A,0.0,28248.0,24.0,1177.0,0.041666666666666664,557.0,25.059548254620122,1.0,9538.0,1.51,6079.0,111.0,0.0,94.0,15.0,60621.1,55674.799999999996,4946.300000000003,0.9183911477827392,52143.799999999996,0.9365613067077617,46280.44666666667,37889.1,-53.087614937136394,0.0,0.0,32.19124893797791
7241,11021,13548,1995-03-04,B,1.0,168984.0,24.0,7041.0,0.041666666666666664,571.0,18.9596167008898,0.0,12541.0,0.29,85677.0,167.0,1.0,160.0,21.0,144574.5,107417.90000000001,37156.59999999999,0.7429882656466691,86295.79999999999,0.8033576958989525,73729.94761904763,43267.3,238.4371142218173,0.0,0.0,6.145050418974578
6737,8564,10563,1995-03-11,A,0.0,76680.0,24.0,3195.0,0.041666666666666664,545.0,46.171115674195754,0.0,9893.0,4.09,5623.0,96.0,0.0,143.0,24.0,116390.5,98787.8,17602.699999999997,0.8487544193519286,51243.8,0.5187207456715741,62875.708333333336,40579.6,78.01676136363636,0.0,0.0,12.700970266040688
6694,8316,10269,1995-03-19,A,0.0,134784.0,24.0,5616.0,0.041666666666666664,288.0,54.85284052019165,1.0,10177.0,6.63,9878.0,81.0,0.0,55.0,20.0,134203.2,46255.399999999994,87947.80000000002,0.3446643249615138,29406.8,0.6357347307615812,48510.755,22918.7,819.5338366949886,0.0,0.0,4.0809650997151
5599,3064,3705,1995-03-21,A,0.0,15420.0,12.0,1285.0,0.08333333333333333,667.0,29.793292265571527,1.0,9317.0,6.49,6949.0,97.0,0.0,151.0,22.0,37891.3,26065.800000000003,11825.5,0.687891735260198,3703.8,0.1420887872696303,31689.572727272716,24525.5,35.96542968750001,0.0,0.0,19.085992217898834
6546,7607,9418,1995-03-27,A,0.0,31728.0,24.0,1322.0,0.041666666666666664,568.0,44.96098562628337,0.0,12541.0,0.29,85677.0,167.0,0.0,117.0,21.0,52346.1,69469.8,-17123.700000000004,1.3270993044504855,47443.8,0.6829315338242831,28268.890476190478,15678.9,14.192678417698415,0.0,0.0,11.859984871406958
5453,2361,2853,1995-04-01,A,0.0,156672.0,36.0,4352.0,0.027777777777777776,400.0,38.93223819301848,1.0,8594.0,1.62,1580.0,112.0,0.0,75.0,20.0,31612.9,36138.799999999996,-4525.899999999994,1.1431300788577174,9243.800000000001,0.2557789473101678,21560.605000000003,14306.5,2.377433968480593,0.0,0.0,3.2873391544117645
5740,3752,4527,1995-04-02,A,0.0,18564.0,12.0,1547.0,0.08333333333333333,128.0,32.15605749486653,1.0,12541.0,0.29,85677.0,167.0,0.0,13.0,18.0,60362.8,58138.799999999996,2224.0000000000073,0.9631401601622163,43843.799999999996,0.7541099212587591,52838.022222222215,42362.0,-47.62869714890985,0.0,0.0,27.383322559793147
6745,8625,10636,1995-04-10,A,0.0,47304.0,24.0,1971.0,0.041666666666666664,516.0,23.685147159479808,0.0,9624.0,1.6,4484.0,145.0,0.0,167.0,28.0,156944.69999999995,156009.2,935.4999999999418,0.994032968090238,125643.79999999999,0.8053563164459758,77021.93214285713,39204.4,30.853315065409536,0.0,0.0,19.890613901572806
6950,9591,11804,1995-04-11,A,0.0,104712.0,24.0,4363.0,0.041666666666666664,691.0,50.327173169062284,0.0,10673.0,4.75,18782.0,100.0,0.0,191.0,15.0,17817.9,25569.9,-7752.0,1.4349875693785812,43.8,0.0017128845680050367,17795.173333333332,14049.4,-45.331598386937635,0.0,0.0,3.220123768049507
6996,9828,12095,1995-04-13,A,0.0,126600.0,24.0,5275.0,0.041666666666666664,693.0,56.12320328542094,0.0,9622.0,0.45,3475.0,154.0,0.0,132.0,18.0,111311.2,115416.90000000001,-4105.700000000012,1.0368755626067943,99592.79999999999,0.8628886853772246,52038.73333333333,35739.0,152.54005339435545,0.0,0.0,6.775165876777251
5352,1993,2422,1995-04-15,B,1.0,68400.0,12.0,5700.0,0.08333333333333333,167.0,18.847364818617386,1.0,9893.0,4.09,5623.0,96.0,0.0,14.0,15.0,104997.8,89730.09999999999,15267.700000000012,0.8545821476054963,72629.20000000001,0.8094094466689924,43705.54,18042.4,-153.47333355464082,0.0,0.0,3.1653333333333338
5310,1762,2136,1995-04-28,A,0.0,248148.0,36.0,6893.0,0.027777777777777776,503.0,54.75975359342916,1.0,8594.0,1.62,1580.0,112.0,0.0,120.0,26.0,76300.5,84693.79999999999,-8393.299999999988,1.1099886633945595,45483.799999999996,0.5370317894368958,32779.19615384615,17091.8,-190.25631828199,0.0,0.0,2.479587987813724
5045,347,424,1995-05-01,B,1.0,187224.0,24.0,7801.0,0.041666666666666664,504.0,47.56194387405886,0.0,8403.0,5.74,2157.0,105.0,1.0,88.0,13.0,27209.8,55133.8,-27924.000000000004,2.0261734311376367,31730.199999999997,0.5755022236409671,16654.2,2584.2,-339.3609084515298,0.0,0.0,0.33126522240738365
6929,9472,11662,1995-05-08,A,0.0,36396.0,12.0,3033.0,0.08333333333333333,671.0,23.093771389459274,0.0,12541.0,0.29,85677.0,167.0,0.0,158.0,22.0,135768.09999999998,139335.0,-3566.9000000000233,1.026264444560655,114879.0,0.8244746512028478,61129.5,28047.6,-108.64930441487044,0.0,0.0,9.24747774480712
5212,1256,1516,1995-05-29,A,0.0,71064.0,36.0,1974.0,0.027777777777777776,403.0,48.61327857631759,1.0,8965.0,7.08,2653.0,104.0,0.0,86.0,23.0,53850.799999999996,56049.799999999996,-2199.0,1.0408157201801982,30243.800000000003,0.5395783824673333,35628.986956521745,25417.8,-123.37938885740813,0.0,0.0,12.876291793313069
6676,8159,10076,1995-06-13,A,0.0,29784.0,24.0,1241.0,0.041666666666666664,125.0,25.464750171115675,1.0,10787.0,2.64,6041.0,131.0,0.0,12.0,18.0,34910.7,41317.2,-6406.5,1.1834771724092497,26629.199999999997,0.644490805504596,35711.561111111114,30637.5,-91.91587514218574,0.0,0.0,24.68775181305399
6965,9656,11886,1995-06-13,A,0.0,139536.0,24.0,5814.0,0.041666666666666664,576.0,53.74674880219028,1.0,8814.0,4.76,2112.0,107.0,0.0,165.0,19.0,96604.9,76433.8,20171.09999999999,0.7911918423201897,32643.800000000003,0.42708033513530486,41209.87368421053,12743.2,820.3722828130876,0.0,0.0,2.1918128654970763
6725,8489,10475,1995-06-23,A,0.0,265320.0,36.0,7370.0,0.027777777777777776,643.0,46.81724845995893,1.0,8402.0,3.13,999.0,120.0,0.0,148.0,23.0,53509.4,60998.799999999996,-7489.399999999994,1.1399428896065062,27383.800000000003,0.44891622595483927,35608.92608695651,26204.1,-112.49867936735255,0.0,0.0,3.55550881953867
7166,10630,13071,1995-06-24,A,0.0,198240.0,24.0,8260.0,0.041666666666666664,160.0,39.34565366187543,0.0,9832.0,3.32,6445.0,114.0,0.0,16.0,19.0,45303.5,56252.799999999996,-10949.299999999996,1.2416603207186923,9563.800000000001,0.17001162588127383,27966.826315789473,18727.8,-135.34803519549092,0.0,0.0,2.2672881355932204
6157,5650,6829,1995-07-10,A,0.0,98592.0,24.0,4108.0,0.041666666666666664,183.0,31.54277891854894,1.0,10124.0,0.56,3810.0,141.0,0.0,26.0,19.0,74690.79999999999,79414.9,-4724.100000000006,1.0632345183808665,35500.0,0.4470137592094279,55503.15789473684,37191.5,-120.33580575778807,0.0,0.0,9.053432327166504
5693,3489,4217,1995-08-01,A,0.0,44088.0,24.0,1837.0,0.041666666666666664,236.0,44.101300479123886,1.0,8899.0,3.39,2987.0,149.0,0.0,32.0,16.0,49023.4,44559.2,4464.200000000004,0.9089188240957563,28929.2,0.6492161166242522,48681.9625,37368.6,33.83849494971698,0.0,0.0,20.342188350571583
5922,4580,5521,1995-08-05,A,0.0,20220.0,12.0,1685.0,0.08333333333333333,343.0,22.223134839151268,1.0,8899.0,3.39,2987.0,149.0,0.0,51.0,26.0,153657.09999999998,107479.20000000001,46177.899999999965,0.6994697969062486,76255.8,0.7094869566673675,66474.76923076923,20895.5,664.1987432366956,0.0,0.0,12.400890207715134
5959,4727,5701,1995-08-11,A,0.0,107640.0,24.0,4485.0,0.041666666666666664,179.0,35.71800136892539,1.0,8507.0,1.67,2159.0,132.0,0.0,23.0,23.0,107673.6,103721.8,3951.800000000003,0.963289392298648,73943.79999999999,0.7128982248840177,41664.30869565218,31199.4,5.50237798830505,0.0,0.0,6.9563879598662215
5980,4825,5826,1995-08-18,A,0.0,21396.0,12.0,1783.0,0.08333333333333333,440.0,26.937713894592743,0.0,9045.0,3.13,1845.0,124.0,0.0,78.0,16.0,32472.1,20393.399999999998,12078.7,0.6280090290117051,15043.800000000001,0.73764366688895,30860.74375,22682.0,119.63885227781931,0.0,0.0,12.721256309590578
5237,1375,1663,1995-08-29,A,0.0,45336.0,24.0,1889.0,0.041666666666666664,489.0,38.332648870636554,0.0,8402.0,3.13,999.0,120.0,0.0,90.0,21.0,61441.4,62300.799999999996,-859.3999999999942,1.0139708084319623,38843.8,0.6234779733490847,47547.666666666664,38408.1,-54.27771108415322,0.0,0.0,20.332503970354683
7008,9897,12181,1995-09-22,A,0.0,36168.0,12.0,3014.0,0.08333333333333333,202.0,34.091718001368925,0.0,12541.0,0.29,85677.0,167.0,0.0,36.0,26.0,66694.40000000001,59781.3,6913.100000000006,0.8963331803992478,12343.800000000001,0.20647917527428689,33866.13076923077,21714.4,15.652051650063516,0.0,0.0,7.204512276045123
6600,7861,9721,1995-10-08,A,0.0,21852.0,36.0,607.0,0.027777777777777776,169.0,40.84052019164955,0.0,9675.0,6.43,5323.0,100.0,0.0,18.0,32.0,65211.9,65055.8,156.09999999999854,0.9975909674312905,36363.799999999996,0.5589546365637411,36854.5625,26944.6,97.14731358444165,0.0,0.0,44.38978583196046
7057,10093,12416,1995-10-20,A,0.0,231696.0,36.0,6436.0,0.027777777777777776,476.0,22.390143737166323,0.0,12541.0,0.29,85677.0,167.0,0.0,126.0,31.0,141844.40000000002,132132.0,9712.400000000023,0.9315212195813186,82299.0,0.6228497044644411,47357.632258064536,20928.9,322.0628934549978,0.0,0.0,3.2518489745183348
7176,10663,13113,1995-10-28,A,0.0,260028.0,36.0,7223.0,0.027777777777777776,689.0,18.921286789869953,0.0,9622.0,0.45,3475.0,154.0,0.0,161.0,27.0,152441.2,171757.40000000002,-19316.20000000001,1.1267050724799301,107790.8,0.6275722177197738,55351.155555555546,19968.3,136.44612131295096,0.0,0.0,2.764543818358023
6362,6738,8130,1995-10-31,A,0.0,37908.0,12.0,3159.0,0.08333333333333333,460.0,19.479808350444902,1.0,8544.0,1.29,2719.0,109.0,0.0,76.0,22.0,66958.90000000001,86620.79999999999,-19661.89999999998,1.2936220036170898,77143.8,0.8905818165865869,45520.34545454545,26451.6,-261.4489865444262,0.0,0.0,8.373409306742639
5880,4423,5333,1995-10-31,A,0.0,73836.0,36.0,2051.0,0.027777777777777776,188.0,28.424366872005475,1.0,10446.0,7.34,4947.0,90.0,0.0,19.0,28.0,61884.3,108967.79999999999,-47083.499999999985,1.760802646185766,86938.79999999999,0.7978320399967697,55022.3642857143,20369.6,-675.4923589279143,0.0,0.0,9.931545587518283
6535,7546,9346,1995-11-02,A,0.0,41952.0,12.0,3496.0,0.08333333333333333,425.0,22.89390828199863,0.0,9425.0,1.72,4085.0,125.0,0.0,105.0,30.0,73837.0,77224.2,-3387.199999999997,1.0458598553590293,54412.799999999996,0.7045990169012187,36786.00000000001,21176.8,-222.51145423728815,0.0,0.0,6.057437070938215
5449,2343,2831,1995-11-04,A,0.0,99336.0,24.0,4139.0,0.041666666666666664,330.0,15.321013004791238,1.0,9893.0,4.09,5623.0,96.0,0.0,52.0,24.0,51854.2,52929.8,-1075.6000000000058,1.0207230904518738,26343.8,0.49770266083263426,32584.416666666668,20740.0,-91.42205812030878,0.0,0.0,5.010872191350567
6342,6609,7980,1995-11-12,B,1.0,60156.0,36.0,1671.0,0.027777777777777776,230.0,19.260780287474333,0.0,8427.0,1.12,1874.0,107.0,0.0,56.0,28.0,48584.7,93671.8,-45087.100000000006,1.9279705757043741,72143.8,0.770168074403669,45999.79642857143,21505.5,-569.1485219887436,0.0,0.0,12.86983842010772
6985,9731,11978,1995-11-22,A,0.0,113796.0,36.0,3161.0,0.027777777777777776,356.0,24.12046543463381,0.0,9897.0,1.6,18721.0,140.0,0.0,72.0,24.0,70425.1,68253.1,2172.0,0.9691449618820296,39910.0,0.5847267783180791,33124.862499999996,21275.4,40.51752918868248,0.0,0.0,6.730591584941474
5805,4081,4918,1995-11-28,B,1.0,137904.0,24.0,5746.0,0.041666666666666664,129.0,27.561943874058862,0.0,9622.0,0.45,3475.0,154.0,0.0,12.0,15.0,42003.100000000006,55121.2,-13118.099999999991,1.3122814201470807,43629.2,0.7914996135858148,31063.946666666663,13363.6,-326.74746522046695,0.0,0.0,2.3257222415593457
6185,5774,6987,1995-11-28,A,0.0,31176.0,24.0,1299.0,0.041666666666666664,173.0,27.83025325119781,0.0,12541.0,0.29,85677.0,167.0,0.0,23.0,23.0,69267.4,73988.79999999999,-4721.399999999994,1.0681465141392035,44423.8,0.6004043800631981,41187.50869565216,26247.9,-62.96583656203277,0.0,0.0,20.206235565819863
7243,11042,13576,1995-12-04,A,0.0,217152.0,36.0,6032.0,0.027777777777777776,309.0,21.409993155373034,0.0,8994.0,3.8,9672.0,110.0,0.0,57.0,26.0,130839.70000000001,137548.2,-6708.5,1.0512646294310561,94144.80000000002,0.6844445478417905,44644.873076923075,22069.8,-411.15987574447774,0.0,0.0,3.658786472148541
6578,7765,9606,1995-12-11,A,0.0,27984.0,12.0,2332.0,0.08333333333333333,519.0,46.8145106091718,0.0,8363.0,2.52,2564.0,108.0,0.0,76.0,21.0,76156.5,82437.0,-6280.5,1.0824541246758363,50790.0,0.6160993716489969,30214.966666666664,12100.0,-402.95018030143814,0.0,0.0,5.188679245283019
5413,2227,2698,1995-12-12,A,0.0,92976.0,24.0,3874.0,0.041666666666666664,569.0,25.180013689253936,1.0,8930.0,3.52,1328.0,108.0,0.0,109.0,21.0,91999.6,92298.1,-298.5,1.003233674562992,40519.0,0.438996696609176,30717.900000000005,17658.1,-31.90804519548042,0.0,0.0,4.55810531750129
6949,9583,11794,1995-12-12,A,0.0,104712.0,24.0,4363.0,0.041666666666666664,569.0,25.180013689253936,1.0,8930.0,3.52,1328.0,108.0,0.0,108.0,21.0,92689.79999999999,93765.1,-1075.3000000000175,1.011590147026458,40519.0,0.4321284558065228,37485.528571428564,23974.7,-5.692597740225948,0.0,0.0,5.495003438001375
6589,7815,9663,1996-01-01,A,0.0,189696.0,24.0,7904.0,0.041666666666666664,267.0,50.26967830253251,0.0,8402.0,3.98,1099.0,120.0,0.0,89.0,31.0,46524.3,121421.40000000001,-74897.1,2.609792951361947,85890.0,0.7073653625690153,37458.064516129016,13693.1,-494.26008553654736,0.0,0.0,1.7324266194331985
7263,11138,13690,1996-01-19,A,0.0,89880.0,24.0,3745.0,0.041666666666666664,154.0,32.67898699520876,0.0,10177.0,7.75,10108.0,81.0,0.0,29.0,36.0,357296.2,343146.10000000003,14150.099999999977,0.9603940361133533,331912.0,0.9672586479675916,87594.92777777779,31776.5,842.0865513076034,0.0,0.0,8.485046728971962
5750,3804,4584,1996-02-08,A,0.0,63252.0,12.0,5271.0,0.08333333333333333,672.0,46.625598904859686,1.0,9920.0,2.87,4846.0,130.0,0.0,164.0,25.0,95472.3,88058.90000000001,7413.399999999994,0.9223405915580587,56943.799999999996,0.6466484745042862,37949.708000000006,19537.6,73.98968259768628,0.0,0.0,3.7066211345095805
6027,5066,6115,1996-02-10,B,1.0,61656.0,24.0,2569.0,0.041666666666666664,167.0,42.12731006160164,1.0,8598.0,3.26,1875.0,123.0,0.0,12.0,18.0,93847.3,87546.8,6300.5,0.9328544043951782,76924.0,0.8786514338452822,71269.06666666665,46447.0,91.85263403046245,0.0,0.0,18.079797586609576
6303,6400,7727,1996-02-12,B,1.0,72408.0,24.0,3017.0,0.041666666666666664,126.0,37.667351129363446,1.0,8930.0,4.2,1452.0,108.0,0.0,13.0,6.0,627.0,9000.0,-8373.0,14.331210191082803,9000.0,0.9998889012331963,30181.8,27990.8,-85.27955207166858,0.0,0.0,9.277693072588663
6137,5574,6731,1996-04-10,A,0.0,44628.0,12.0,3719.0,0.08333333333333333,636.0,52.37234770704997,0.0,8598.0,3.26,1875.0,123.0,0.0,146.0,24.0,167708.5,155442.0,12266.5,0.926852682763946,108651.0,0.698976473691321,55510.125,22960.0,343.61959089864405,0.0,0.0,6.173702608228019
6501,7418,9196,1996-04-29,B,1.0,30276.0,12.0,2523.0,0.08333333333333333,388.0,57.01848049281314,1.0,9104.0,2.07,2354.0,123.0,0.0,92.0,25.0,55140.4,61699.399999999994,-6558.999999999993,1.1189306038656979,54129.799999999996,0.877300633383252,20458.012,1942.2,-11.515703224149782,0.0,0.0,0.7697978596908442
4961,19,25,1996-04-29,B,1.0,30276.0,12.0,2523.0,0.08333333333333333,388.0,57.01848049281314,1.0,9104.0,2.07,2354.0,123.0,0.0,80.0,24.0,54812.2,54231.7,580.5,0.9893912415257639,54231.7,0.9999815609401708,19911.3625,3795.4,8.983174567558756,0.0,1.0,1.5043202536662703
4973,67,78,1996-05-02,A,0.0,165960.0,24.0,6915.0,0.041666666666666664,561.0,51.885010266940455,1.0,8427.0,1.54,1913.0,107.0,0.0,125.0,24.0,145674.99999999997,142633.80000000002,3041.1999999999534,0.979116669870123,101374.8,0.7107297798293263,45351.81666666666,26586.6,-116.67029867822559,0.0,0.0,3.844772234273319
5892,4462,5384,1996-05-14,B,1.0,66480.0,24.0,2770.0,0.041666666666666664,139.0,60.81587953456537,0.0,8746.0,3.74,4433.0,90.0,0.0,10.0,12.0,38371.6,44751.3,-6379.700000000004,1.1662305916200624,41981.0,0.9380746911331931,33711.38333333334,24255.7,104.02018305562075,0.0,0.0,8.756570397111913
5445,2322,2809,1996-06-29,A,0.0,46320.0,24.0,1930.0,0.041666666666666664,544.0,17.371663244353183,0.0,8705.0,7.61,4859.0,116.0,0.0,178.0,28.0,66264.4,69473.79999999999,-3209.399999999994,1.0484174244779325,43643.799999999996,0.6281961229107533,34274.65000000001,15843.3,-311.1041939108395,0.0,0.0,8.208963730569948
6667,8127,10040,1996-07-15,A,0.0,155880.0,24.0,6495.0,0.041666666666666664,641.0,27.707049965776864,1.0,9065.0,5.39,4166.0,123.0,0.0,142.0,29.0,251421.5,237943.19999999998,13478.300000000017,0.9463878531157712,193543.80000000002,0.8133999483912616,82936.37241379311,39164.6,590.3502684640996,0.0,0.0,6.0299615088529634
6019,5033,6077,1996-07-25,A,0.0,11400.0,12.0,950.0,0.08333333333333333,357.0,16.23545516769336,1.0,9897.0,1.96,18696.0,140.0,0.0,77.0,25.0,21809.4,26603.800000000003,-4794.4000000000015,1.2197758867329347,9443.800000000001,0.35496602116911236,26779.584000000003,23025.9,0.9126807160661757,0.0,0.0,24.237789473684213
5136,846,1020,1996-07-28,A,0.0,187104.0,24.0,7796.0,0.041666666666666664,141.0,19.21697467488022,1.0,8994.0,4.79,9208.0,110.0,0.0,25.0,29.0,242999.80000000002,299209.30000000005,-56209.50000000003,1.231309938074278,275822.80000000005,0.9218359127342876,83623.21724137933,30668.2,-699.5980104541518,0.0,0.0,3.9338378655720883
6471,7184,8670,1996-08-04,A,0.0,155640.0,24.0,6485.0,0.041666666666666664,412.0,53.57426420260096,1.0,9307.0,4.43,3040.0,118.0,0.0,105.0,29.0,69487.3,80498.8,-11011.5,1.1584511349392632,42203.8,0.5242721099928199,47938.00344827585,29353.4,-256.3885897440537,0.0,0.0,4.526353122590594
7305,11359,13968,1996-08-06,A,0.0,54024.0,12.0,4502.0,0.08333333333333333,675.0,28.314852840520192,0.0,8814.0,5.74,2059.0,107.0,0.0,147.0,23.0,81443.5,74566.70000000001,6876.799999999988,0.9155523086273476,46743.8,0.6268639102453206,29163.33478260869,16408.2,40.28948419369872,0.0,0.0,3.6446468236339404
6144,5593,6753,1996-08-09,A,0.0,44376.0,12.0,3698.0,0.08333333333333333,164.0,34.21492128678987,0.0,9045.0,3.6,1879.0,124.0,0.0,39.0,24.0,81702.3,136959.2,-55256.90000000001,1.6762994885151519,107718.8,0.7864970991572734,45799.31666666667,12984.5,-425.5845006683918,0.0,0.0,3.5112222823147645
5088,544,655,1996-08-22,A,0.0,91152.0,24.0,3798.0,0.041666666666666664,465.0,53.700205338809035,0.0,9272.0,3.22,4505.0,118.0,0.0,77.0,16.0,69005.6,48302.4,20703.200000000004,0.6999678291641669,36907.8,0.7640828595916644,50612.4375,34158.6,157.58194110558355,0.0,0.0,8.993838862559242
5988,4851,5858,1996-08-22,A,0.0,141648.0,24.0,5902.0,0.041666666666666664,200.0,44.09856262833676,0.0,8363.0,3.49,2799.0,108.0,0.0,18.0,22.0,92205.5,168265.40000000005,-76059.90000000005,1.8248756866381444,137703.80000000002,0.8183677787128029,48574.52272727273,12650.3,-846.4754656682331,0.0,0.0,2.1433920704845812
6865,9199,11327,1996-09-11,B,1.0,29448.0,12.0,2454.0,0.08333333333333333,119.0,48.89253935660506,0.0,8994.0,4.79,9208.0,110.0,0.0,11.0,19.0,51997.0,67394.2,-15397.199999999997,1.2960921573906687,62485.2,0.9271461469066046,22518.86315789474,12298.9,-169.69304016525132,0.0,0.0,5.011776691116545
6613,7926,9798,1996-09-22,A,0.0,84120.0,24.0,3505.0,0.041666666666666664,105.0,46.559890485968516,1.0,8173.0,7.01,1358.0,124.0,0.0,19.0,24.0,192216.8,207405.0,-15188.200000000012,1.0790103726085722,196890.0,0.9492975130902674,76513.29166666667,48764.7,-327.4530299171758,0.0,0.0,13.91289586305278
5897,4476,5399,1996-09-25,A,0.0,15192.0,24.0,633.0,0.041666666666666664,685.0,23.745379876796715,1.0,8991.0,2.01,5273.0,128.0,0.0,169.0,26.0,50463.8,39772.8,10691.0,0.7881295477243544,16243.8,0.4084045276035983,24559.350000000002,14525.5,152.08779978243965,0.0,0.0,22.947077409162716
6995,9814,12079,1996-09-26,A,0.0,96168.0,12.0,8014.0,0.08333333333333333,616.0,24.123203285420946,1.0,9624.0,2.31,4265.0,145.0,0.0,149.0,28.0,61040.59999999999,52592.0,8448.599999999991,0.8615763675919375,52592.0,0.9999809860627841,16443.028571428575,3665.9,149.47577207749242,0.0,1.0,0.4574369852757674
5375,2106,2550,1996-10-03,A,0.0,101520.0,12.0,8460.0,0.08333333333333333,245.0,19.975359342915812,1.0,12541.0,0.43,99107.0,167.0,0.0,38.0,20.0,43396.1,46447.799999999996,-3051.699999999997,1.0702973240147382,10663.8,0.22958181912126902,17897.679999999997,13618.1,-35.53906877242008,0.0,0.0,1.6097044917257683
6644,8039,9930,1996-10-20,A,0.0,93600.0,24.0,3900.0,0.041666666666666664,308.0,24.32580424366872,0.0,8899.0,3.97,2487.0,149.0,0.0,55.0,29.0,91290.70000000001,97057.3,-5766.599999999991,1.0631557962005307,70610.8,0.7275091362614017,44849.14137931034,19878.4,616.2521549538586,0.0,0.0,5.097025641025642
6921,9422,11596,1996-10-29,A,0.0,86184.0,12.0,7182.0,0.08333333333333333,237.0,55.90143737166324,1.0,10177.0,7.75,10108.0,81.0,0.0,42.0,31.0,151510.2,159435.3,-7925.099999999977,1.0523004239950577,128158.8,0.8038244741003148,46964.332258064496,22095.0,84.228292189397,0.0,0.0,3.0764411027568923
5366,2062,2501,1996-10-29,A,0.0,86184.0,12.0,7182.0,0.08333333333333333,237.0,55.90143737166324,1.0,10177.0,7.75,10108.0,81.0,0.0,42.0,31.0,151475.1,159435.3,-7960.1999999999825,1.0525442627582833,128158.8,0.8038244741003148,43444.12580645161,18577.6,83.81987454471874,0.0,0.0,2.586688944583681
5741,3754,4529,1996-11-03,A,0.0,68544.0,24.0,2856.0,0.041666666666666664,258.0,20.13141683778234,0.0,9065.0,5.39,4166.0,123.0,0.0,54.0,33.0,105112.0,101411.0,3701.0,0.9647807597537887,71924.0,0.7092257326549126,41463.027272727275,18331.5,-184.36677445569364,0.0,0.0,6.41859243697479
4996,132,158,1996-11-06,A,0.0,88440.0,12.0,7370.0,0.08333333333333333,179.0,51.34565366187543,1.0,9317.0,7.07,6872.0,97.0,0.0,31.0,32.0,212235.19999999998,220819.59999999998,-8584.399999999994,1.0404426766027661,198709.0,0.8998662262488193,53813.10625,24854.1,-160.40291516415616,0.0,0.0,3.3723337856173674
6015,5001,6042,1996-11-09,A,0.0,110112.0,24.0,4588.0,0.041666666666666664,330.0,33.07871321013005,0.0,8240.0,3.56,1903.0,99.0,0.0,82.0,27.0,117480.8,194858.30000000002,-77377.50000000001,1.65862542112906,153216.80000000002,0.7862945212263412,64294.82962962963,18230.5,-632.0385092478909,0.0,0.0,3.973517872711421
6309,6434,7765,1996-11-11,A,0.0,110136.0,24.0,4589.0,0.041666666666666664,553.0,38.71321013004791,1.0,12541.0,0.43,99107.0,167.0,0.0,63.0,30.0,168905.8,163235.4,5670.399999999994,0.9664229030447561,134794.8,0.825764351578447,50820.579999999994,23137.2,-292.89531558678306,0.0,0.0,5.041882763129222
6599,7859,9717,1996-11-19,A,0.0,72120.0,12.0,6010.0,0.08333333333333333,616.0,44.02464065708419,1.0,8363.0,3.49,2799.0,108.0,0.0,102.0,19.0,127218.70000000001,132315.4,-5096.6999999999825,1.0400543312081383,114284.80000000002,0.8637236200501225,71644.04210526316,39590.4,-325.64127365617793,0.0,0.0,6.587420965058237
5388,2153,2606,1996-11-28,A,0.0,61560.0,12.0,5130.0,0.08333333333333333,326.0,53.90006844626968,0.0,8930.0,4.2,1452.0,108.0,0.0,71.0,29.0,108008.8,101411.5,6597.300000000003,0.9389101729657864,43234.0,0.42631825465302603,28530.5551724138,10676.9,-9.253710740792393,0.0,0.0,2.0812670565302143
7130,10411,12810,1996-12-11,A,0.0,123408.0,24.0,5142.0,0.041666666666666664,384.0,32.158795345653665,0.0,10446.0,9.4,4743.0,90.0,0.0,65.0,34.0,124658.80000000002,120803.0,3855.8000000000175,0.9690613974994343,65873.0,0.545288235488891,38793.08823529411,12212.9,-180.66985357407444,0.0,0.0,2.375126409957215
7308,11362,13971,1996-12-27,A,0.0,129408.0,24.0,5392.0,0.041666666666666664,440.0,34.19028062970568,1.0,8110.0,6.55,3079.0,109.0,0.0,107.0,32.0,48696.8,55964.799999999996,-7267.999999999993,1.1492264537617713,23903.8,0.42711441630424296,24809.76875,14385.2,-24.118819524459667,0.0,0.0,2.667878338278932
5358,2018,2451,1997-01-21,A,0.0,38520.0,12.0,3210.0,0.08333333333333333,597.0,57.12799452429842,0.0,8388.0,2.94,1668.0,87.0,0.0,114.0,18.0,20445.5,19818.8,626.7000000000007,0.9693003692563519,843.8000000000001,0.04257358802813349,17258.916666666668,13063.0,-41.53151588293608,0.0,0.0,4.069470404984424
6878,9242,11381,1997-01-24,A,0.0,23184.0,12.0,1932.0,0.08333333333333333,315.0,17.50034223134839,1.0,8720.0,4.5,3651.0,116.0,0.0,58.0,19.0,28850.2,19839.800000000003,9010.399999999998,0.6876594387755103,14043.800000000001,0.7078242812789807,43010.30526315789,34501.4,177.91828911601152,0.0,0.0,17.857867494824017
5134,825,992,1997-02-02,A,0.0,53076.0,12.0,4423.0,0.08333333333333333,333.0,48.70362765229295,0.0,8402.0,3.98,1099.0,120.0,0.0,65.0,17.0,48444.899999999994,43117.799999999996,5327.0999999999985,0.8900195888609769,2143.7999999999997,0.04971845227603736,23725.764705882353,11830.7,60.41592363674517,0.0,0.0,2.6748134750169568
6934,9494,11686,1997-02-09,A,0.0,116832.0,12.0,9736.0,0.08333333333333333,275.0,48.31211498973306,1.0,9104.0,2.07,2354.0,123.0,0.0,46.0,19.0,54451.399999999994,49129.799999999996,5321.5999999999985,0.9022522423254071,5683.800000000001,0.11568710462683289,16795.34736842105,9041.2,78.38746056294461,0.0,0.0,0.9286359901396878
5682,3455,4177,1997-03-07,A,0.0,67464.0,12.0,5622.0,0.08333333333333333,359.0,61.19917864476386,0.0,9675.0,7.68,5190.0,100.0,0.0,57.0,18.0,118422.8,112456.3,5966.5,0.9496089468502108,95588.8,0.8500008447650798,36393.350000000006,14598.6,3.7277988143048493,0.0,0.0,2.596691568836713
7201,10807,13285,1997-03-07,A,0.0,67464.0,12.0,5622.0,0.08333333333333333,359.0,61.19917864476386,0.0,9675.0,7.68,5190.0,100.0,0.0,57.0,18.0,118486.6,112456.3,6030.300000000003,0.949097627093468,95588.8,0.8500008447650798,41612.86666666667,19827.6,4.473130617708949,0.0,0.0,3.526787620064034
6377,6792,8200,1997-03-17,A,0.0,17184.0,12.0,1432.0,0.08333333333333333,310.0,52.79397672826831,1.0,12541.0,0.43,99107.0,167.0,0.0,70.0,26.0,41786.2,51895.8,-10109.600000000006,1.241906612551212,35623.8,0.6864353871529651,38711.411538461536,12974.2,-56.26256145859433,0.0,0.0,9.060195530726258
5992,4863,5873,1997-03-18,A,0.0,76080.0,12.0,6340.0,0.08333333333333333,371.0,17.949349760438057,1.0,9307.0,4.43,3040.0,118.0,0.0,81.0,25.0,133832.0,117320.7,16511.300000000003,0.8766201161148596,70291.79999999999,0.5991372440051583,60408.7,31883.2,321.4906490337825,0.0,0.0,5.028895899053627
6753,8688,10714,1997-03-20,A,0.0,67980.0,12.0,5665.0,0.08333333333333333,118.0,50.97056810403833,1.0,8512.0,4.12,2103.0,102.0,0.0,14.0,19.0,62516.5,65644.2,-3127.699999999997,1.0500131963050345,48649.2,0.7410930273652909,44545.33157894736,35242.2,13.367724556434261,0.0,0.0,6.221041482789055
7046,10049,12358,1997-03-28,A,0.0,91632.0,12.0,7636.0,0.08333333333333333,365.0,53.73032169746749,0.0,8114.0,2.62,1181.0,119.0,0.0,70.0,21.0,29821.8,31621.8,-1800.0,1.0603229743686038,43.8,0.0013850765903082585,12814.333333333334,7023.4,-40.06693484164743,0.0,0.0,0.9197747511786275
5868,4361,5253,1997-03-29,A,0.0,90156.0,12.0,7513.0,0.08333333333333333,383.0,50.47501711156742,1.0,8173.0,7.01,1358.0,124.0,0.0,65.0,22.0,160360.5,161595.9,-1235.3999999999942,1.007697608216436,139057.8,0.8605226956705233,50431.57727272727,20389.7,243.18581828105755,0.0,0.0,2.7139225342739253
5878,4415,5322,1997-04-01,A,0.0,74040.0,12.0,6170.0,0.08333333333333333,636.0,41.05133470225873,1.0,8746.0,3.74,4433.0,90.0,0.0,190.0,30.0,89765.2,99822.8,-10057.600000000006,1.1120310317246358,55863.799999999996,0.5596240575894726,48728.06999999999,20997.7,-84.06627915495204,0.0,0.0,3.403192868719611
5005,176,215,1997-04-10,A,0.0,27456.0,12.0,2288.0,0.08333333333333333,241.0,29.544147843942504,0.0,8678.0,5.57,4595.0,102.0,0.0,75.0,27.0,118582.0,123845.9,-5263.899999999994,1.0443815724007657,102890.0,0.8307838145322975,51078.48888888889,23137.8,308.19069767441863,0.0,0.0,10.112674825174825
7253,11079,13620,1997-04-26,A,0.0,98304.0,12.0,8192.0,0.08333333333333333,533.0,26.751540041067763,0.0,8427.0,1.54,1913.0,107.0,0.0,113.0,17.0,172860.40000000002,112718.3,60142.10000000002,0.6520732795175788,88143.8,0.7819761123427843,77378.62352941177,43762.9,519.760071031164,0.0,0.0,5.34215087890625
5634,3229,3906,1997-05-01,A,0.0,39024.0,12.0,3252.0,0.08333333333333333,530.0,60.35318275154004,0.0,9624.0,2.31,4265.0,145.0,0.0,136.0,21.0,115490.1,87902.8,27587.300000000003,0.7611218526795571,38429.2,0.43717336451893996,57574.04285714285,28594.1,107.36661488580901,0.0,0.0,8.792773677736777
6887,9263,11405,1997-05-08,A,0.0,39576.0,12.0,3298.0,0.08333333333333333,338.0,32.77481177275838,1.0,9893.0,4.72,5887.0,96.0,0.0,75.0,25.0,69869.99999999999,70376.7,-506.70000000001164,1.0072376236206726,30673.799999999996,0.43584544536124364,22010.688,9404.4,94.31893086657604,0.0,0.0,2.8515463917525774
7119,10361,12750,1997-06-02,A,0.0,86880.0,12.0,7240.0,0.08333333333333333,346.0,57.021218343600275,1.0,9104.0,2.07,2354.0,123.0,0.0,58.0,16.0,152636.9,146882.80000000002,5754.099999999977,0.9622957338904691,125162.80000000002,0.8521212005680681,59955.51875,39877.7,-342.33448322245454,0.0,0.0,5.507969613259668
6621,7957,9833,1997-06-14,A,0.0,42900.0,12.0,3575.0,0.08333333333333333,646.0,32.72826830937714,0.0,8541.0,2.97,3839.0,131.0,0.0,175.0,34.0,241082.7,256901.80000000002,-15819.100000000006,1.0656124823038637,209519.80000000002,0.8155605933450317,71125.98823529413,30299.4,-85.9836696863346,0.0,0.0,8.475356643356644
6310,6440,7772,1997-06-17,A,0.0,34572.0,12.0,2881.0,0.08333333333333333,228.0,20.462696783025326,1.0,12541.0,0.43,99107.0,167.0,0.0,40.0,19.0,103994.40000000001,158929.8,-54935.39999999998,1.5282387490215912,150286.8,0.9456115491773778,62958.300000000025,28726.1,-264.67227271373923,0.0,0.0,9.970878167303018
5932,4626,5574,1997-06-18,A,0.0,33348.0,12.0,2779.0,0.08333333333333333,368.0,26.765229295003422,1.0,8899.0,3.97,2487.0,149.0,0.0,63.0,11.0,13190.5,14479.899999999998,-1289.3999999999978,1.0976689534927793,6143.800000000001,0.42426920978668464,9697.563636363637,2880.3,-92.9858550073447,0.0,0.0,1.0364519611370997
6942,9513,11713,1997-07-16,A,0.0,18324.0,12.0,1527.0,0.08333333333333333,430.0,46.26420260095825,1.0,8444.0,3.47,2305.0,106.0,0.0,86.0,19.0,61329.8,64521.799999999996,-3191.9999999999927,1.0520293229502957,34983.8,0.5421928372606273,26203.252631578944,14564.5,-46.60055391968589,0.0,0.0,9.537982973149967
7051,10068,12382,1997-07-28,A,0.0,77808.0,12.0,6484.0,0.08333333333333333,117.0,41.661875427789184,0.0,12541.0,0.43,99107.0,167.0,0.0,23.0,23.0,212031.0,171594.90000000002,40436.09999999998,0.8092877490190161,152143.8,0.886640065409488,66303.5347826087,39534.1,479.7844445980666,0.0,0.0,6.097177668106107
6758,8742,10777,1997-07-29,A,0.0,33144.0,12.0,2762.0,0.08333333333333333,182.0,17.503080082135522,1.0,10177.0,7.75,10108.0,81.0,0.0,32.0,28.0,47741.6,53425.8,-5684.200000000004,1.119038343114954,25963.8,0.4859695882965103,30965.80357142858,21741.8,-46.58638667977811,0.0,0.0,7.871759594496742
5377,2116,2560,1997-08-04,A,0.0,92400.0,12.0,7700.0,0.08333333333333333,459.0,23.123887748117728,1.0,10177.0,7.75,10108.0,81.0,0.0,104.0,19.0,49904.6,53485.2,-3580.5999999999985,1.0717274213715495,16243.800000000001,0.30370076767465254,55269.10526315789,34075.2,-154.14113812571753,0.0,0.0,4.425350649350649
5856,4320,5203,1997-08-09,B,1.0,51360.0,12.0,4280.0,0.08333333333333333,382.0,51.917864476386036,1.0,8814.0,5.74,2059.0,107.0,1.0,87.0,16.0,32006.1,86183.8,-54177.700000000004,2.69264631909795,73343.79999999999,0.8510062099117244,29912.225000000002,10290.0,-382.15721929604547,0.0,0.0,2.4042056074766354
4986,97,116,1997-08-10,A,0.0,102876.0,12.0,8573.0,0.08333333333333333,462.0,55.53182751540041,0.0,10673.0,5.44,18347.0,100.0,0.0,118.0,28.0,54318.9,50037.799999999996,4281.100000000006,0.9211688534036329,12723.800000000001,0.2542786797445183,41779.15714285714,29676.5,60.16271064998561,0.0,0.0,3.461623702321241
5117,718,861,1997-08-20,A,0.0,76944.0,12.0,6412.0,0.08333333333333333,535.0,40.93360711841205,1.0,12541.0,0.43,99107.0,167.0,0.0,110.0,28.0,101110.20000000001,137632.8,-36522.59999999998,1.3612023198221361,76729.8,0.5574924182867872,56310.52857142858,21565.4,-924.8110869662313,0.0,0.0,3.363287585776669
5638,3249,3929,1997-08-27,A,0.0,68124.0,12.0,5677.0,0.08333333333333333,320.0,39.81930184804928,0.0,10673.0,5.44,18347.0,100.0,0.0,51.0,18.0,69954.1,49565.799999999996,20388.30000000001,0.708537333232316,7943.8,0.16026453190441992,29156.155555555557,16487.0,183.82226168762594,0.0,0.0,2.9041747401796725
5338,1888,2291,1997-08-30,B,1.0,57360.0,12.0,4780.0,0.08333333333333333,313.0,39.945242984257355,0.0,8546.0,4.02,3120.0,126.0,1.0,75.0,27.0,87116.8,75959.79999999999,11157.000000000015,0.8719205489578478,44643.8,0.5877215616475868,34050.10740740741,15091.4,180.71500912023515,0.0,0.0,3.1571966527196653
6612,7907,9775,1997-08-31,A,0.0,97392.0,12.0,8116.0,0.08333333333333333,400.0,37.18822724161533,0.0,10177.0,7.75,10108.0,81.0,0.0,81.0,15.0,47021.9,43373.4,3648.5,0.922388878610209,43.8,0.0010098122394776642,17169.82,5765.8,-0.741339491916865,0.0,0.0,0.7104238541153278
5718,3637,4386,1997-09-01,A,0.0,14028.0,12.0,1169.0,0.08333333333333333,674.0,51.67967145790554,1.0,8240.0,3.56,1903.0,99.0,0.0,156.0,21.0,48641.8,40238.799999999996,8403.000000000007,0.8272303403586964,21443.8,0.532900262923772,62389.82380952379,52396.0,30.40316160166947,0.0,0.0,44.82121471343028
5229,1329,1608,1997-09-06,A,0.0,23520.0,12.0,1960.0,0.08333333333333333,355.0,55.81930184804928,0.0,8240.0,3.56,1903.0,99.0,0.0,63.0,21.0,35483.5,43271.4,-7787.9000000000015,1.2194451098366892,12043.800000000001,0.2783252142243093,18925.547619047615,11261.2,-143.92401652329227,0.0,0.0,5.745510204081633
5643,3273,3962,1997-09-21,B,1.0,94512.0,12.0,7876.0,0.08333333333333333,632.0,44.813141683778234,0.0,10673.0,5.44,18347.0,100.0,0.0,134.0,22.0,175053.7,172918.8,2134.9000000000233,0.987798670929715,149290.8,0.8633528375582207,42899.25000000001,22343.9,201.493105303268,0.0,0.0,2.8369603859827324
7264,11141,13694,1997-10-07,A,0.0,44940.0,12.0,3745.0,0.08333333333333333,238.0,21.713894592744694,1.0,12541.0,0.43,99107.0,167.0,0.0,40.0,29.0,92437.2,132144.09999999998,-39706.89999999998,1.4295399520977257,120910.0,0.9149790646796591,62716.21034482758,29207.2,-497.54604086675346,0.0,0.0,7.798985313751669
7277,11231,13803,1997-10-24,A,0.0,89280.0,12.0,7440.0,0.08333333333333333,261.0,49.94387405886379,0.0,12541.0,0.43,99107.0,167.0,0.0,52.0,32.0,157024.90000000002,201593.3,-44568.399999999965,1.2838219682230763,149235.8,0.7402778749200746,49534.415624999994,7911.8,-254.15606851467086,0.0,0.0,1.0634139784946237
5398,2187,2647,1997-11-04,A,0.0,53472.0,12.0,4456.0,0.08333333333333333,617.0,57.609856262833674,0.0,8899.0,3.97,2487.0,149.0,0.0,134.0,22.0,168848.6,165064.0,3784.600000000006,0.9775800475689608,151696.0,0.919007663647654,70853.89090909089,45804.3,14.292480916593952,0.0,0.0,10.279241472172352
5103,666,798,1997-11-28,A,0.0,12540.0,12.0,1045.0,0.08333333333333333,623.0,57.79329226557152,1.0,8561.0,1.29,1127.0,110.0,0.0,152.0,37.0,54386.9,66997.79999999999,-12610.899999999987,1.2318512021975474,42343.799999999996,0.6320083344776325,49438.98108108108,34218.3,-154.13515927700033,0.0,0.0,32.74478468899522
6502,7424,9202,1997-12-08,A,0.0,30276.0,12.0,2523.0,0.08333333333333333,498.0,35.827515400410675,0.0,9893.0,4.72,5887.0,96.0,0.0,164.0,26.0,54677.0,57650.4,-2973.4000000000015,1.0543619005815867,25643.8,0.4448079318108493,27059.94615384616,5003.5,220.01633532369092,0.0,0.0,1.9831549742370194
5651,3329,4024,1997-12-08,A,0.0,19248.0,12.0,1604.0,0.08333333333333333,422.0,33.14442162902122,0.0,8980.0,2.21,2813.0,111.0,0.0,72.0,27.0,65769.9,65282.799999999996,487.09999999999854,0.9925787848425368,32723.799999999996,0.501254522561493,30146.16666666666,18300.3,164.7469649225385,0.0,0.0,11.409164588528677
4962,25,31,1997-12-08,A,0.0,30276.0,12.0,2523.0,0.08333333333333333,498.0,35.827515400410675,0.0,9893.0,4.72,5887.0,96.0,0.0,164.0,26.0,54720.799999999996,57650.4,-2929.600000000006,1.053517976382356,25643.8,0.4448079318108493,30856.584615384614,8793.4,220.51282233888898,0.0,0.0,3.4852952833927864
7199,10789,13261,1997-12-09,A,0.0,45768.0,12.0,3814.0,0.08333333333333333,447.0,53.35523613963039,0.0,8819.0,5.66,4505.0,99.0,0.0,146.0,37.0,161375.40000000002,208920.9,-47545.49999999997,1.29461866790931,155650.80000000002,0.7450190717201022,44688.256756756746,23695.1,-194.6182986971655,0.0,0.0,6.212663869952805
6727,8505,10492,1997-12-10,A,0.0,42840.0,12.0,3570.0,0.08333333333333333,265.0,60.07939767282683,0.0,10177.0,7.75,10108.0,81.0,0.0,45.0,25.0,46626.5,55673.799999999996,-9047.299999999996,1.1940121173127445,44963.799999999996,0.8076149353028659,36232.564,26385.7,-93.33182998730383,0.0,0.0,7.390952380952381
6059,5196,6275,1997-12-28,A,0.0,79824.0,12.0,6652.0,0.08333333333333333,182.0,40.993839835728956,0.0,8598.0,3.26,1875.0,123.0,0.0,31.0,30.0,205870.4,176662.5,29207.899999999994,0.8581206520186874,132990.0,0.75278707825895,66342.94999999998,22325.2,792.5360785501847,0.0,0.0,3.3561635598316295
