split_id,repeat,fold,loan_id,is_test
0,0,0,5316,1
0,0,0,6863,1
0,0,0,7121,1
0,0,0,5523,1
0,0,0,6499,1
0,0,0,5285,1
0,0,0,7226,1
0,0,0,6577,1
0,0,0,6202,1
0,0,0,6072,1
0,0,0,6678,1
0,0,0,5918,1
0,0,0,6596,1
0,0,0,6232,1
0,0,0,5126,1
0,0,0,6594,1
0,0,0,6229,1
0,0,0,5161,1
0,0,0,5861,1
0,0,0,6306,1
0,0,0,5576,1
0,0,0,7192,1
0,0,0,6244,1
0,0,0,7241,1
0,0,0,5453,1
0,0,0,5310,1
0,0,0,5045,1
0,0,0,6929,1
0,0,0,7008,1
0,0,0,7176,1
0,0,0,5449,1
0,0,0,6985,1
0,0,0,7243,1
0,0,0,5413,1
0,0,0,6589,1
0,0,0,5897,1
0,0,0,6921,1
0,0,0,7130,1
0,0,0,5134,1
0,0,0,6753,1
0,0,0,7046,1
0,0,0,6621,1
0,0,0,6310,1
0,0,0,6758,1
0,0,0,5117,1
0,0,0,5643,1
0,0,0,7199,1
1,0,1,6356,1
1,0,1,6650,1
1,0,1,7066,1
1,0,1,6998,1
1,0,1,6512,1
1,0,1,6407,1
1,0,1,6647,1
1,0,1,6279,1
1,0,1,6112,1
1,0,1,5533,1
1,0,1,6888,1
1,0,1,6004,1
1,0,1,6038,1
1,0,1,7061,1
1,0,1,5723,1
1,0,1,6808,1
1,0,1,5390,1
1,0,1,6253,1
1,0,1,6645,1
1,0,1,5176,1
1,0,1,5739,1
1,0,1,6598,1
1,0,1,5877,1
1,0,1,6227,1
1,0,1,5599,1
1,0,1,5212,1
1,0,1,6676,1
1,0,1,7057,1
1,0,1,6185,1
1,0,1,6137,1
1,0,1,4961,1
1,0,1,5892,1
1,0,1,5136,1
1,0,1,7305,1
1,0,1,6144,1
1,0,1,5988,1
1,0,1,5741,1
1,0,1,6309,1
1,0,1,5358,1
1,0,1,7201,1
1,0,1,5992,1
1,0,1,6887,1
1,0,1,5932,1
1,0,1,4986,1
1,0,1,5229,1
1,0,1,7264,1
1,0,1,5398,1
2,0,2,5325,1
2,0,2,7240,1
2,0,2,6687,1
2,0,2,6111,1
2,0,2,5997,1
2,0,2,6456,1
2,0,2,6820,1
2,0,2,6876,1
2,0,2,7097,1
2,0,2,5189,1
2,0,2,6520,1
2,0,2,6336,1
2,0,2,7137,1
2,0,2,6668,1
2,0,2,5395,1
2,0,2,6919,1
2,0,2,7198,1
2,0,2,5836,1
2,0,2,5595,1
2,0,2,6120,1
2,0,2,6895,1
2,0,2,5882,1
2,0,2,6738,1
2,0,2,6216,1
2,0,2,6297,1
2,0,2,5032,1
2,0,2,6526,1
2,0,2,5740,1
2,0,2,6965,1
2,0,2,6725,1
2,0,2,5693,1
2,0,2,5922,1
2,0,2,5237,1
2,0,2,6362,1
2,0,2,6027,1
2,0,2,6667,1
2,0,2,6865,1
2,0,2,6644,1
2,0,2,4996,1
2,0,2,7308,1
2,0,2,5682,1
2,0,2,5878,1
2,0,2,5005,1
2,0,2,7253,1
2,0,2,7119,1
2,0,2,6942,1
2,0,2,7277,1
3,0,3,6077,1
3,0,3,6228,1
3,0,3,5479,1
3,0,3,6721,1
3,0,3,7259,1
3,0,3,5519,1
3,0,3,6699,1
3,0,3,6903,1
3,0,3,6642,1
3,0,3,6210,1
3,0,3,5657,1
3,0,3,6064,1
3,0,3,6841,1
3,0,3,6729,1
3,0,3,6686,1
3,0,3,5887,1
3,0,3,6223,1
3,0,3,5269,1
3,0,3,5351,1
3,0,3,5131,1
3,0,3,6960,1
3,0,3,5464,1
3,0,3,6737,1
3,0,3,6694,1
3,0,3,6546,1
3,0,3,6745,1
3,0,3,6996,1
3,0,3,7166,1
3,0,3,5980,1
3,0,3,6600,1
3,0,3,5880,1
3,0,3,6342,1
3,0,3,6578,1
3,0,3,6949,1
3,0,3,7263,1
3,0,3,6501,1
3,0,3,4973,1
3,0,3,5445,1
3,0,3,5088,1
3,0,3,6613,1
3,0,3,6599,1
3,0,3,6878,1
3,0,3,5634,1
3,0,3,7051,1
3,0,3,5638,1
3,0,3,5338,1
3,0,3,5718,1
4,0,4,5314,1
4,0,4,7284,1
4,0,4,7235,1
4,0,4,7104,1
4,0,4,4959,1
4,0,4,7262,1
4,0,4,6509,1
4,0,4,5130,1
4,0,4,6580,1
4,0,4,6316,1
4,0,4,5002,1
4,0,4,7249,1
4,0,4,6066,1
4,0,4,7220,1
4,0,4,5754,1
4,0,4,6624,1
4,0,4,6150,1
4,0,4,6460,1
4,0,4,6315,1
4,0,4,6950,1
4,0,4,5352,1
4,0,4,6157,1
4,0,4,5959,1
4,0,4,6535,1
4,0,4,5805,1
4,0,4,5750,1
4,0,4,6303,1
4,0,4,6019,1
4,0,4,6471,1
4,0,4,6995,1
4,0,4,5375,1
4,0,4,5366,1
4,0,4,6015,1
4,0,4,5388,1
4,0,4,6934,1
4,0,4,6377,1
4,0,4,5868,1
4,0,4,5377,1
4,0,4,5856,1
4,0,4,6612,1
4,0,4,5103,1
4,0,4,6502,1
4,0,4,5651,1
4,0,4,4962,1
4,0,4,6727,1
4,0,4,6059,1
5,1,0,6687,1
5,1,0,6077,1
5,1,0,7097,1
5,1,0,6499,1
5,1,0,6650,1
5,1,0,5130,1
5,1,0,6678,1
5,1,0,6903,1
5,1,0,6642,1
5,1,0,6279,1
5,1,0,6668,1
5,1,0,5395,1
5,1,0,6686,1
5,1,0,6120,1
5,1,0,5269,1
5,1,0,7192,1
5,1,0,5131,1
5,1,0,6960,1
5,1,0,6315,1
5,1,0,6227,1
5,1,0,6694,1
5,1,0,6546,1
5,1,0,6996,1
5,1,0,5212,1
5,1,0,6725,1
5,1,0,5959,1
5,1,0,6600,1
5,1,0,6362,1
5,1,0,6342,1
5,1,0,5413,1
5,1,0,6949,1
5,1,0,6019,1
5,1,0,5136,1
5,1,0,6144,1
5,1,0,6865,1
5,1,0,6613,1
5,1,0,6995,1
5,1,0,5375,1
5,1,0,4996,1
5,1,0,6309,1
5,1,0,7130,1
5,1,0,7308,1
5,1,0,5134,1
5,1,0,5682,1
5,1,0,6887,1
5,1,0,6621,1
5,1,0,5338,1
6,1,1,5316,1
6,1,1,6863,1
6,1,1,5997,1
6,1,1,5189,1
6,1,1,7226,1
6,1,1,7262,1
6,1,1,6577,1
6,1,1,6520,1
6,1,1,6699,1
6,1,1,6202,1
6,1,1,6998,1
6,1,1,6407,1
6,1,1,5002,1
6,1,1,5126,1
6,1,1,5836,1
6,1,1,6895,1
6,1,1,5882,1
6,1,1,6594,1
6,1,1,5887,1
6,1,1,6297,1
6,1,1,5390,1
6,1,1,5032,1
6,1,1,5861,1
6,1,1,6526,1
6,1,1,5464,1
6,1,1,5877,1
6,1,1,6737,1
6,1,1,5599,1
6,1,1,6745,1
6,1,1,5310,1
6,1,1,6965,1
6,1,1,7008,1
6,1,1,7176,1
6,1,1,5805,1
6,1,1,7243,1
6,1,1,7263,1
6,1,1,6303,1
6,1,1,5988,1
6,1,1,5897,1
6,1,1,5366,1
6,1,1,5358,1
6,1,1,5634,1
6,1,1,6310,1
6,1,1,6758,1
6,1,1,5856,1
6,1,1,5643,1
6,1,1,4962,1
7,1,2,7284,1
7,1,2,7121,1
7,1,2,6356,1
7,1,2,6820,1
7,1,2,6721,1
7,1,2,7259,1
7,1,2,5519,1
7,1,2,6509,1
7,1,2,6210,1
7,1,2,6596,1
7,1,2,5657,1
7,1,2,6888,1
7,1,2,6841,1
7,1,2,6038,1
7,1,2,7198,1
7,1,2,5754,1
7,1,2,6738,1
7,1,2,6624,1
7,1,2,6229,1
7,1,2,6808,1
7,1,2,6150,1
7,1,2,5576,1
7,1,2,5739,1
7,1,2,6244,1
7,1,2,7241,1
7,1,2,5352,1
7,1,2,5922,1
7,1,2,5980,1
7,1,2,7057,1
7,1,2,5880,1
7,1,2,4973,1
7,1,2,5892,1
7,1,2,5088,1
7,1,2,5741,1
7,1,2,6015,1
7,1,2,6878,1
7,1,2,7201,1
7,1,2,6377,1
7,1,2,5377,1
7,1,2,4986,1
7,1,2,6612,1
7,1,2,5229,1
7,1,2,7264,1
7,1,2,7277,1
7,1,2,5398,1
7,1,2,5651,1
7,1,2,7199,1
8,1,3,5325,1
8,1,3,6111,1
8,1,3,7235,1
8,1,3,6228,1
8,1,3,5523,1
8,1,3,6876,1
8,1,3,4959,1
8,1,3,5479,1
8,1,3,7066,1
8,1,3,6580,1
8,1,3,6316,1
8,1,3,5533,1
8,1,3,6232,1
8,1,3,6066,1
8,1,3,7220,1
8,1,3,6064,1
8,1,3,7061,1
8,1,3,5595,1
8,1,3,6216,1
8,1,3,5161,1
8,1,3,6253,1
8,1,3,6460,1
8,1,3,5176,1
8,1,3,6306,1
8,1,3,5453,1
8,1,3,5740,1
8,1,3,6950,1
8,1,3,6929,1
8,1,3,6676,1
8,1,3,6157,1
8,1,3,5693,1
8,1,3,5449,1
8,1,3,6471,1
8,1,3,6644,1
8,1,3,5388,1
8,1,3,6934,1
8,1,3,7046,1
8,1,3,5868,1
8,1,3,5878,1
8,1,3,7253,1
8,1,3,7119,1
8,1,3,7051,1
8,1,3,5117,1
8,1,3,5638,1
8,1,3,5718,1
8,1,3,6727,1
8,1,3,6059,1
9,1,4,5314,1
9,1,4,7240,1
9,1,4,6456,1
9,1,4,7104,1
9,1,4,5285,1
9,1,4,6336,1
9,1,4,6072,1
9,1,4,6512,1
9,1,4,6647,1
9,1,4,7137,1
9,1,4,5918,1
9,1,4,7249,1
9,1,4,6112,1
9,1,4,6004,1
9,1,4,6919,1
9,1,4,6729,1
9,1,4,5723,1
9,1,4,6223,1
9,1,4,6645,1
9,1,4,5351,1
9,1,4,6598,1
9,1,4,5045,1
9,1,4,7166,1
9,1,4,5237,1
9,1,4,6535,1
9,1,4,6985,1
9,1,4,6185,1
9,1,4,6578,1
9,1,4,6589,1
9,1,4,5750,1
9,1,4,6027,1
9,1,4,6137,1
9,1,4,6501,1
9,1,4,4961,1
9,1,4,5445,1
9,1,4,6667,1
9,1,4,7305,1
9,1,4,6921,1
9,1,4,6599,1
9,1,4,5992,1
9,1,4,6753,1
9,1,4,5005,1
9,1,4,5932,1
9,1,4,6942,1
9,1,4,5103,1
9,1,4,6502,1
10,2,0,5314,1
10,2,0,6228,1
10,2,0,5523,1
10,2,0,5189,1
10,2,0,6699,1
10,2,0,6336,1
10,2,0,6998,1
10,2,0,6647,1
10,2,0,5657,1
10,2,0,5533,1
10,2,0,7220,1
10,2,0,6729,1
10,2,0,5836,1
10,2,0,6895,1
10,2,0,6216,1
10,2,0,5887,1
10,2,0,6223,1
10,2,0,5032,1
10,2,0,5351,1
10,2,0,6244,1
10,2,0,6737,1
10,2,0,6546,1
10,2,0,6676,1
10,2,0,6725,1
10,2,0,7166,1
10,2,0,5693,1
10,2,0,5237,1
10,2,0,7057,1
10,2,0,5805,1
10,2,0,7263,1
10,2,0,6501,1
10,2,0,5892,1
10,2,0,5445,1
10,2,0,5897,1
10,2,0,6995,1
10,2,0,5741,1
10,2,0,7308,1
10,2,0,5358,1
10,2,0,6934,1
10,2,0,5682,1
10,2,0,5992,1
10,2,0,5878,1
10,2,0,6310,1
10,2,0,5856,1
10,2,0,5398,1
10,2,0,5651,1
10,2,0,6059,1
11,2,1,5325,1
11,2,1,7240,1
11,2,1,6111,1
11,2,1,5997,1
11,2,1,6356,1
11,2,1,6650,1
11,2,1,6577,1
11,2,1,6520,1
11,2,1,5130,1
11,2,1,6316,1
11,2,1,5002,1
11,2,1,6903,1
11,2,1,6642,1
11,2,1,6279,1
11,2,1,6888,1
11,2,1,6066,1
11,2,1,5126,1
11,2,1,7198,1
11,2,1,5595,1
11,2,1,5754,1
11,2,1,6808,1
11,2,1,5161,1
11,2,1,6150,1
11,2,1,6645,1
11,2,1,7192,1
11,2,1,6315,1
11,2,1,5877,1
11,2,1,6694,1
11,2,1,5453,1
11,2,1,6745,1
11,2,1,5352,1
11,2,1,5310,1
11,2,1,6157,1
11,2,1,5922,1
11,2,1,6985,1
11,2,1,6949,1
11,2,1,5750,1
11,2,1,6137,1
11,2,1,4961,1
11,2,1,5136,1
11,2,1,5988,1
11,2,1,5375,1
11,2,1,5388,1
11,2,1,6758,1
11,2,1,4986,1
11,2,1,6502,1
11,2,1,7199,1
12,2,2,7284,1
12,2,2,6499,1
12,2,2,5479,1
12,2,2,5285,1
12,2,2,7262,1
12,2,2,6580,1
12,2,2,6407,1
12,2,2,6210,1
12,2,2,6668,1
12,2,2,6064,1
12,2,2,5723,1
12,2,2,5882,1
12,2,2,6738,1
12,2,2,6624,1
12,2,2,6253,1
12,2,2,6460,1
12,2,2,6306,1
12,2,2,5576,1
12,2,2,6526,1
12,2,2,6598,1
12,2,2,7241,1
12,2,2,5740,1
12,2,2,7176,1
12,2,2,6535,1
12,2,2,6342,1
12,2,2,5413,1
12,2,2,6589,1
12,2,2,6303,1
12,2,2,6471,1
12,2,2,6144,1
12,2,2,5088,1
12,2,2,5366,1
12,2,2,6015,1
12,2,2,6309,1
12,2,2,6599,1
12,2,2,7201,1
12,2,2,5868,1
12,2,2,5005,1
12,2,2,6887,1
12,2,2,6942,1
12,2,2,5377,1
12,2,2,5638,1
12,2,2,6612,1
12,2,2,5643,1
12,2,2,7277,1
12,2,2,5103,1
12,2,2,6727,1
13,2,3,5316,1
13,2,3,6687,1
13,2,3,6456,1
13,2,3,7104,1
13,2,3,6820,1
13,2,3,6876,1
13,2,3,7097,1
13,2,3,4959,1
13,2,3,7259,1
13,2,3,6202,1
13,2,3,7066,1
13,2,3,6072,1
13,2,3,6678,1
13,2,3,6112,1
13,2,3,6596,1
13,2,3,6004,1
13,2,3,5395,1
13,2,3,6038,1
13,2,3,6120,1
13,2,3,6229,1
13,2,3,5390,1
13,2,3,5861,1
13,2,3,6960,1
13,2,3,5464,1
13,2,3,6227,1
13,2,3,6950,1
13,2,3,6996,1
13,2,3,5045,1
13,2,3,5212,1
13,2,3,5980,1
13,2,3,6362,1
13,2,3,5880,1
13,2,3,4973,1
13,2,3,7305,1
13,2,3,6865,1
13,2,3,6613,1
13,2,3,6644,1
13,2,3,6921,1
13,2,3,4996,1
13,2,3,6753,1
13,2,3,5634,1
13,2,3,7119,1
13,2,3,7051,1
13,2,3,5117,1
13,2,3,5718,1
13,2,3,7264,1
13,2,3,4962,1
14,2,4,6863,1
14,2,4,7235,1
14,2,4,7121,1
14,2,4,6077,1
14,2,4,6721,1
14,2,4,7226,1
14,2,4,5519,1
14,2,4,6509,1
14,2,4,6512,1
14,2,4,7137,1
14,2,4,5918,1
14,2,4,7249,1
14,2,4,6232,1
14,2,4,6919,1
14,2,4,6841,1
14,2,4,6686,1
14,2,4,7061,1
14,2,4,6594,1
14,2,4,6297,1
14,2,4,5176,1
14,2,4,5269,1
14,2,4,5739,1
14,2,4,5131,1
14,2,4,5599,1
14,2,4,6929,1
14,2,4,6965,1
14,2,4,5959,1
14,2,4,7008,1
14,2,4,6600,1
14,2,4,5449,1
14,2,4,6185,1
14,2,4,7243,1
14,2,4,6578,1
14,2,4,6027,1
14,2,4,6667,1
14,2,4,6019,1
14,2,4,7130,1
14,2,4,6878,1
14,2,4,5134,1
14,2,4,6377,1
14,2,4,7046,1
14,2,4,7253,1
14,2,4,6621,1
14,2,4,5932,1
14,2,4,5338,1
14,2,4,5229,1
15,3,0,6863,1
15,3,0,6111,1
15,3,0,4959,1
15,3,0,7226,1
15,3,0,5519,1
15,3,0,6577,1
15,3,0,6520,1
15,3,0,6678,1
15,3,0,5002,1
15,3,0,7137,1
15,3,0,6066,1
15,3,0,5126,1
15,3,0,6668,1
15,3,0,5395,1
15,3,0,6064,1
15,3,0,6895,1
15,3,0,5754,1
15,3,0,6594,1
15,3,0,6624,1
15,3,0,6229,1
15,3,0,5390,1
15,3,0,6223,1
15,3,0,5032,1
15,3,0,5269,1
15,3,0,5576,1
15,3,0,5877,1
15,3,0,7241,1
15,3,0,6725,1
15,3,0,5959,1
15,3,0,5980,1
15,3,0,5237,1
15,3,0,6535,1
15,3,0,6185,1
15,3,0,6578,1
15,3,0,6667,1
15,3,0,7305,1
15,3,0,5897,1
15,3,0,6599,1
15,3,0,5358,1
15,3,0,7253,1
15,3,0,7119,1
15,3,0,7051,1
15,3,0,5856,1
15,3,0,5117,1
15,3,0,5638,1
15,3,0,5229,1
15,3,0,5398,1
16,3,1,5316,1
16,3,1,7235,1
16,3,1,6228,1
16,3,1,5523,1
16,3,1,7097,1
16,3,1,6699,1
16,3,1,6998,1
16,3,1,6512,1
16,3,1,6210,1
16,3,1,5533,1
16,3,1,7220,1
16,3,1,6038,1
16,3,1,6729,1
16,3,1,6686,1
16,3,1,6120,1
16,3,1,6808,1
16,3,1,6244,1
16,3,1,5131,1
16,3,1,6960,1
16,3,1,6598,1
16,3,1,6227,1
16,3,1,6694,1
16,3,1,5453,1
16,3,1,6745,1
16,3,1,5045,1
16,3,1,6676,1
16,3,1,6157,1
16,3,1,7057,1
16,3,1,5449,1
16,3,1,6589,1
16,3,1,6027,1
16,3,1,6137,1
16,3,1,5136,1
16,3,1,6144,1
16,3,1,5375,1
16,3,1,4996,1
16,3,1,6309,1
16,3,1,5134,1
16,3,1,6934,1
16,3,1,5992,1
16,3,1,5868,1
16,3,1,5005,1
16,3,1,5634,1
16,3,1,6758,1
16,3,1,7277,1
16,3,1,6502,1
16,3,1,6059,1
17,3,2,7121,1
17,3,2,6456,1
17,3,2,7104,1
17,3,2,6820,1
17,3,2,5479,1
17,3,2,5285,1
17,3,2,6650,1
17,3,2,6202,1
17,3,2,6647,1
17,3,2,6279,1
17,3,2,5657,1
17,3,2,6232,1
17,3,2,6738,1
17,3,2,5887,1
17,3,2,6297,1
17,3,2,5161,1
17,3,2,6150,1
17,3,2,6253,1
17,3,2,7192,1
17,3,2,6526,1
17,3,2,5464,1
17,3,2,6950,1
17,3,2,5310,1
17,3,2,6965,1
17,3,2,6600,1
17,3,2,5880,1
17,3,2,6985,1
17,3,2,7243,1
17,3,2,7263,1
17,3,2,5750,1
17,3,2,6303,1
17,3,2,6501,1
17,3,2,4961,1
17,3,2,6471,1
17,3,2,6921,1
17,3,2,6015,1
17,3,2,5388,1
17,3,2,7130,1
17,3,2,6878,1
17,3,2,6753,1
17,3,2,6621,1
17,3,2,5377,1
17,3,2,4986,1
17,3,2,6612,1
17,3,2,5103,1
17,3,2,5651,1
17,3,2,7199,1
18,3,3,7240,1
18,3,3,6687,1
18,3,3,7284,1
18,3,3,6077,1
18,3,3,6356,1
18,3,3,6876,1
18,3,3,6721,1
18,3,3,7259,1
18,3,3,7262,1
18,3,3,6509,1
18,3,3,6336,1
18,3,3,6407,1
18,3,3,6903,1
18,3,3,5918,1
18,3,3,6642,1
18,3,3,6112,1
18,3,3,6596,1
18,3,3,6919,1
18,3,3,6841,1
18,3,3,5836,1
18,3,3,5723,1
18,3,3,6460,1
18,3,3,6645,1
18,3,3,5176,1
18,3,3,5351,1
18,3,3,5861,1
18,3,3,5739,1
18,3,3,6737,1
18,3,3,5922,1
18,3,3,7008,1
18,3,3,7176,1
18,3,3,5805,1
18,3,3,4973,1
18,3,3,5988,1
18,3,3,6865,1
18,3,3,6613,1
18,3,3,5366,1
18,3,3,5741,1
18,3,3,5682,1
18,3,3,6377,1
18,3,3,5878,1
18,3,3,6887,1
18,3,3,5932,1
18,3,3,6942,1
18,3,3,5338,1
18,3,3,5643,1
18,3,3,4962,1
19,3,4,5314,1
19,3,4,5325,1
19,3,4,5997,1
19,3,4,6499,1
19,3,4,5189,1
19,3,4,7066,1
19,3,4,6072,1
19,3,4,5130,1
19,3,4,6580,1
19,3,4,6316,1
19,3,4,7249,1
19,3,4,6888,1
19,3,4,6004,1
19,3,4,7198,1
19,3,4,7061,1
19,3,4,5595,1
19,3,4,5882,1
19,3,4,6216,1
19,3,4,6306,1
19,3,4,6315,1
19,3,4,5599,1
19,3,4,6546,1
19,3,4,5740,1
19,3,4,6996,1
19,3,4,5352,1
19,3,4,6929,1
19,3,4,5212,1
19,3,4,7166,1
19,3,4,5693,1
19,3,4,6362,1
19,3,4,6342,1
19,3,4,5413,1
19,3,4,6949,1
19,3,4,5892,1
19,3,4,5445,1
19,3,4,6019,1
19,3,4,5088,1
19,3,4,6995,1
19,3,4,6644,1
19,3,4,7308,1
19,3,4,7201,1
19,3,4,7046,1
19,3,4,6310,1
19,3,4,5718,1
19,3,4,7264,1
19,3,4,6727,1
20,4,0,7240,1
20,4,0,7235,1
20,4,0,7104,1
20,4,0,4959,1
20,4,0,6650,1
20,4,0,7262,1
20,4,0,5519,1
20,4,0,6577,1
20,4,0,7066,1
20,4,0,5130,1
20,4,0,6998,1
20,4,0,6580,1
20,4,0,7137,1
20,4,0,6112,1
20,4,0,6729,1
20,4,0,6216,1
20,4,0,6150,1
20,4,0,6645,1
20,4,0,5576,1
20,4,0,5131,1
20,4,0,6598,1
20,4,0,6315,1
20,4,0,5453,1
20,4,0,5740,1
20,4,0,5045,1
20,4,0,6965,1
20,4,0,5959,1
20,4,0,7176,1
20,4,0,6185,1
20,4,0,6578,1
20,4,0,6027,1
20,4,0,6501,1
20,4,0,4961,1
20,4,0,6667,1
20,4,0,6471,1
20,4,0,5088,1
20,4,0,6599,1
20,4,0,7130,1
20,4,0,5358,1
20,4,0,5134,1
20,4,0,7046,1
20,4,0,5868,1
20,4,0,5878,1
20,4,0,5117,1
20,4,0,5718,1
20,4,0,5229,1
20,4,0,7199,1
21,4,1,7121,1
21,4,1,6077,1
21,4,1,6228,1
21,4,1,6499,1
21,4,1,7259,1
21,4,1,7226,1
21,4,1,6520,1
21,4,1,6072,1
21,4,1,6642,1
21,4,1,7249,1
21,4,1,6596,1
21,4,1,5657,1
21,4,1,5126,1
21,4,1,6064,1
21,4,1,6841,1
21,4,1,6686,1
21,4,1,5723,1
21,4,1,5882,1
21,4,1,6223,1
21,4,1,5176,1
21,4,1,6526,1
21,4,1,5877,1
21,4,1,6950,1
21,4,1,6996,1
21,4,1,6676,1
21,4,1,5693,1
21,4,1,5980,1
21,4,1,7008,1
21,4,1,7057,1
21,4,1,5449,1
21,4,1,6949,1
21,4,1,4973,1
21,4,1,5892,1
21,4,1,6865,1
21,4,1,5375,1
21,4,1,6934,1
21,4,1,6377,1
21,4,1,6753,1
21,4,1,5005,1
21,4,1,6621,1
21,4,1,5932,1
21,4,1,6942,1
21,4,1,7051,1
21,4,1,5643,1
21,4,1,7264,1
21,4,1,5398,1
21,4,1,5103,1
22,4,2,5316,1
22,4,2,6111,1
22,4,2,6721,1
22,4,2,5189,1
22,4,2,6699,1
22,4,2,6336,1
22,4,2,6678,1
22,4,2,6512,1
22,4,2,6407,1
22,4,2,6647,1
22,4,2,5918,1
22,4,2,6210,1
22,4,2,6279,1
22,4,2,5533,1
22,4,2,6038,1
22,4,2,7061,1
22,4,2,5595,1
22,4,2,6738,1
22,4,2,6624,1
22,4,2,6229,1
22,4,2,5887,1
22,4,2,6808,1
22,4,2,5390,1
22,4,2,5032,1
22,4,2,5351,1
22,4,2,5861,1
22,4,2,6244,1
22,4,2,6737,1
22,4,2,5352,1
22,4,2,5310,1
22,4,2,6929,1
22,4,2,5212,1
22,4,2,5237,1
22,4,2,7243,1
22,4,2,6019,1
22,4,2,6144,1
22,4,2,6644,1
22,4,2,6309,1
22,4,2,6878,1
22,4,2,5682,1
22,4,2,6887,1
22,4,2,7119,1
22,4,2,6758,1
22,4,2,5377,1
22,4,2,5856,1
22,4,2,7277,1
22,4,2,6502,1
23,4,3,5314,1
23,4,3,6863,1
23,4,3,5325,1
23,4,3,5997,1
23,4,3,6356,1
23,4,3,5523,1
23,4,3,6820,1
23,4,3,6876,1
23,4,3,5479,1
23,4,3,6903,1
23,4,3,6232,1
23,4,3,6066,1
23,4,3,6004,1
23,4,3,7220,1
23,4,3,7198,1
23,4,3,6120,1
23,4,3,6895,1
23,4,3,6594,1
23,4,3,5161,1
23,4,3,6253,1
23,4,3,6460,1
23,4,3,5269,1
23,4,3,5464,1
23,4,3,6694,1
23,4,3,6745,1
23,4,3,7166,1
23,4,3,6157,1
23,4,3,5922,1
23,4,3,6535,1
23,4,3,6342,1
23,4,3,6589,1
23,4,3,7263,1
23,4,3,5750,1
23,4,3,6303,1
23,4,3,5136,1
23,4,3,5897,1
23,4,3,6995,1
23,4,3,6921,1
23,4,3,5741,1
23,4,3,6015,1
23,4,3,5992,1
23,4,3,7253,1
23,4,3,5634,1
23,4,3,4986,1
23,4,3,5638,1
23,4,3,6612,1
23,4,3,6727,1
24,4,4,6687,1
24,4,4,7284,1
24,4,4,6456,1
24,4,4,7097,1
24,4,4,5285,1
24,4,4,6509,1
24,4,4,6202,1
24,4,4,6316,1
24,4,4,5002,1
24,4,4,6888,1
24,4,4,6668,1
24,4,4,5395,1
24,4,4,6919,1
24,4,4,5836,1
24,4,4,5754,1
24,4,4,6297,1
24,4,4,6306,1
24,4,4,7192,1
24,4,4,5739,1
24,4,4,6960,1
24,4,4,6227,1
24,4,4,7241,1
24,4,4,5599,1
24,4,4,6546,1
24,4,4,6725,1
24,4,4,6600,1
24,4,4,6362,1
24,4,4,5880,1
24,4,4,6985,1
24,4,4,5805,1
24,4,4,5413,1
24,4,4,6137,1
24,4,4,5445,1
24,4,4,7305,1
24,4,4,5988,1
24,4,4,6613,1
24,4,4,5366,1
24,4,4,4996,1
24,4,4,5388,1
24,4,4,7308,1
24,4,4,7201,1
24,4,4,6310,1
24,4,4,5338,1
24,4,4,5651,1
24,4,4,4962,1
24,4,4,6059,1
