feature_name,category,definition,rationale,observation_window,leakage_check
feat_loan_amount,Static / Origination,Total principal amount of the loan granted in CZK.,Higher principal loans pose greater repayment burdens and loss severity.,At origination (t = 0),Contract variable fixed at origination date; independent of repayment.
feat_duration_months,Static / Origination,"Scheduled loan repayment term in months (12, 24, 36, 48, 60).",Longer loan terms increase cumulative default probability and exposure time.,At origination (t = 0),Fixed contractual duration at grant; does not change based on outcome.
feat_monthly_payment,Static / Origination,Contractual monthly installment payment in CZK.,Represents the regular monthly liquidity drain required to service debt.,At origination (t = 0),Contractual payment fixed at grant.
feat_payment_to_amount_ratio,Static / Origination,Ratio of monthly payment to total loan amount (payments / amount).,Proxy for monthly amortization velocity and interest burden.,At origination (t = 0),Ratio of two fixed origination contract variables.
feat_account_age_days,Static / Origination,Days elapsed between account opening date and loan grant date.,Tenure proxy: seasoned banking relationships often exhibit lower default risk.,Pre-origination (t <= 0),Difference between loan_date and account_date; both established at or before t=0.
feat_client_age_years,Static / Origination,Age of the primary borrower (OWNER client) in years at loan grant.,Demographic maturity and life-stage financial stability indicator.,At origination (t = 0),Derived from client birth_number and loan origination date.
feat_client_is_female,Static / Origination,"Binary indicator (1.0 = Female, 0.0 = Male) derived from birth number.",Standard demographic control in credit risk research.,At origination (t = 0),Derived from client birth number.
feat_district_salary,Static / Origination,Average monthly salary (in CZK) in the bank branch district (A11).,Macroeconomic affluence indicator of borrower location.,Regional baseline at origination,District-level census demographic table (district.asc).
feat_district_unemployment,Static / Origination,"Unemployment rate in branch district (A12 for <=1995, A13 for >=1996).",Regional labor market distress directly impacts borrower repayment capacity.,Regional baseline aligned with loan year,Year-matched regional demographic metric; no post-1996 data used for early loans.
feat_district_crimes,Static / Origination,"Number of committed crimes in district (A15 for <=1995, A16 for >=1996).",Regional socioeconomic stability proxy.,Regional baseline aligned with loan year,Year-matched regional demographic metric.
feat_district_entrepreneurs,Static / Origination,Number of entrepreneurs per 1000 inhabitants in branch district (A14).,Local business density and commercial economic vitality indicator.,Regional baseline at origination,District-level census metric.
feat_had_pre_loan_overdraft,Pre-Loan Control (Ablation),"Binary flag: 1.0 if account had balance < 0 strictly before loan_date, 0.0 otherwise.",Core ablation variable: tests whether post-disbursement signals add value beyond prior distress.,Pre-loan history (days_from_loan < 0),Strictly filters trans_date < loan_date. Zero post-loan records accessed.
feat_pre_loan_tx_count,Pre-Loan Control,Total count of transactions recorded on the account prior to loan_date.,Measures pre-existing account activity and relationship depth.,Pre-loan history (days_from_loan < 0),Strictly filters trans_date < loan_date.
feat_w30_trans_count,Dynamic Behavioural (Window 30d),"Total number of transactions occurring in [0, 30] days post-disbursement.","Drop in transaction frequency signals account dormancy, disuse, or salary cessation.",Day 0 to Day 30 post-disbursement,Strictly filtered: 0 <= days_from_loan <= 30. No future transaction accessed.
feat_w30_inflow_total,Dynamic Behavioural (Window 30d),"Total sum of credit transactions (type == PRIJEM) in [0, 30] days.","Direct measure of incoming income, salary deposits, or business receipts.",Day 0 to Day 30 post-disbursement,Strictly filtered: 0 <= days_from_loan <= 30.
feat_w30_outflow_total,Dynamic Behavioural (Window 30d),"Total sum of debit transactions (type in [VYDAJ, VYBER]) in [0, 30] days.","Total living expenses, withdrawals, and debt obligations leaving the account.",Day 0 to Day 30 post-disbursement,Strictly filtered: 0 <= days_from_loan <= 30.
feat_w30_net_cash_flow,Dynamic Behavioural (Window 30d),"Net cash flow (inflow_total - outflow_total) in [0, 30] days.",Persistent negative cash flow indicates structural liquidity depletion.,Day 0 to Day 30 post-disbursement,Strictly filtered: 0 <= days_from_loan <= 30.
feat_w30_outflow_to_inflow_ratio,Dynamic Behavioural (Window 30d),"Ratio of outflows to inflows (outflow / (inflow + 1.0)) in [0, 30] days.",Cash burn multiplier: values > 1.0 indicate account is being drained faster than replenished.,Day 0 to Day 30 post-disbursement,Strictly filtered: 0 <= days_from_loan <= 30.
feat_w30_cash_withdrawal_amount,Dynamic Behavioural (Window 30d),"Total CZK withdrawn in cash (cash counter VYBER or ATM VYBER KARTOU) in [0, 30] days.",Rapid cash extraction is a recognized behavioral red flag for distress.,Day 0 to Day 30 post-disbursement,Strictly filtered: 0 <= days_from_loan <= 30.
feat_w30_cash_withdrawal_ratio,Dynamic Behavioural (Window 30d),"Proportion of total debits executed in cash (cash_w / (outflows + 1.0)) in [0, 30] days.",Distinguishes structured automated debits from discretionary/panicked cash runs.,Day 0 to Day 30 post-disbursement,Strictly filtered: 0 <= days_from_loan <= 30.
feat_w30_balance_mean,Dynamic Behavioural (Window 30d),"Mean recorded transaction balance in [0, 30] days.",General liquidity level maintained across normal day-to-day operations.,Day 0 to Day 30 post-disbursement,Strictly filtered: 0 <= days_from_loan <= 30.
feat_w30_balance_min,Dynamic Behavioural (Window 30d),"Minimum recorded balance within [0, 30] days.",Measures proximity to zero/overdraft threshold within the observation window.,Day 0 to Day 30 post-disbursement,Window minimum only. NEVER uses full-lifetime balance.
feat_w30_balance_slope,Dynamic Behavioural (Window 30d),"Linear daily slope of balance trajectory over [0, 30] days.",Captures trajectory momentum: negative slope reflects declining reserves.,Day 0 to Day 30 post-disbursement,Strictly filtered: 0 <= days_from_loan <= 30.
feat_w30_had_negative_balance,Dynamic Behavioural (Window 30d),"Binary flag: 1.0 if balance_min < 0 in [0, 30] days, 0.0 otherwise.",Distress marker: indicates account entered unauthorized overdraft within window.,Day 0 to Day 30 post-disbursement,Window-bounded indicator only; not a full-lifetime aggregate.
feat_w30_had_sanction_interest,Dynamic Behavioural (Window 30d),"Binary flag: 1.0 if SANKC. UROK transaction occurred in [0, 30] days, 0.0 otherwise.",Administrative fee marker for overdraft or irregular account servicing.,Day 0 to Day 30 post-disbursement,Strictly filtered: 0 <= days_from_loan <= 30.
feat_w30_min_bal_to_payment_ratio,Dynamic Behavioural (Window 30d),Ratio of balance_min to monthly loan payment (balance_min / payments).,Liquidity runway: how many monthly loan payments can be covered by the lowest balance.,Day 0 to Day 30 post-disbursement,Combines window min balance with contractual payment.
feat_w60_trans_count,Dynamic Behavioural (Window 60d),"Total number of transactions occurring in [0, 60] days post-disbursement.","Drop in transaction frequency signals account dormancy, disuse, or salary cessation.",Day 0 to Day 60 post-disbursement,Strictly filtered: 0 <= days_from_loan <= 60. No future transaction accessed.
feat_w60_inflow_total,Dynamic Behavioural (Window 60d),"Total sum of credit transactions (type == PRIJEM) in [0, 60] days.","Direct measure of incoming income, salary deposits, or business receipts.",Day 0 to Day 60 post-disbursement,Strictly filtered: 0 <= days_from_loan <= 60.
feat_w60_outflow_total,Dynamic Behavioural (Window 60d),"Total sum of debit transactions (type in [VYDAJ, VYBER]) in [0, 60] days.","Total living expenses, withdrawals, and debt obligations leaving the account.",Day 0 to Day 60 post-disbursement,Strictly filtered: 0 <= days_from_loan <= 60.
feat_w60_net_cash_flow,Dynamic Behavioural (Window 60d),"Net cash flow (inflow_total - outflow_total) in [0, 60] days.",Persistent negative cash flow indicates structural liquidity depletion.,Day 0 to Day 60 post-disbursement,Strictly filtered: 0 <= days_from_loan <= 60.
feat_w60_outflow_to_inflow_ratio,Dynamic Behavioural (Window 60d),"Ratio of outflows to inflows (outflow / (inflow + 1.0)) in [0, 60] days.",Cash burn multiplier: values > 1.0 indicate account is being drained faster than replenished.,Day 0 to Day 60 post-disbursement,Strictly filtered: 0 <= days_from_loan <= 60.
feat_w60_cash_withdrawal_amount,Dynamic Behavioural (Window 60d),"Total CZK withdrawn in cash (cash counter VYBER or ATM VYBER KARTOU) in [0, 60] days.",Rapid cash extraction is a recognized behavioral red flag for distress.,Day 0 to Day 60 post-disbursement,Strictly filtered: 0 <= days_from_loan <= 60.
feat_w60_cash_withdrawal_ratio,Dynamic Behavioural (Window 60d),"Proportion of total debits executed in cash (cash_w / (outflows + 1.0)) in [0, 60] days.",Distinguishes structured automated debits from discretionary/panicked cash runs.,Day 0 to Day 60 post-disbursement,Strictly filtered: 0 <= days_from_loan <= 60.
feat_w60_balance_mean,Dynamic Behavioural (Window 60d),"Mean recorded transaction balance in [0, 60] days.",General liquidity level maintained across normal day-to-day operations.,Day 0 to Day 60 post-disbursement,Strictly filtered: 0 <= days_from_loan <= 60.
feat_w60_balance_min,Dynamic Behavioural (Window 60d),"Minimum recorded balance within [0, 60] days.",Measures proximity to zero/overdraft threshold within the observation window.,Day 0 to Day 60 post-disbursement,Window minimum only. NEVER uses full-lifetime balance.
feat_w60_balance_slope,Dynamic Behavioural (Window 60d),"Linear daily slope of balance trajectory over [0, 60] days.",Captures trajectory momentum: negative slope reflects declining reserves.,Day 0 to Day 60 post-disbursement,Strictly filtered: 0 <= days_from_loan <= 60.
feat_w60_had_negative_balance,Dynamic Behavioural (Window 60d),"Binary flag: 1.0 if balance_min < 0 in [0, 60] days, 0.0 otherwise.",Distress marker: indicates account entered unauthorized overdraft within window.,Day 0 to Day 60 post-disbursement,Window-bounded indicator only; not a full-lifetime aggregate.
feat_w60_had_sanction_interest,Dynamic Behavioural (Window 60d),"Binary flag: 1.0 if SANKC. UROK transaction occurred in [0, 60] days, 0.0 otherwise.",Administrative fee marker for overdraft or irregular account servicing.,Day 0 to Day 60 post-disbursement,Strictly filtered: 0 <= days_from_loan <= 60.
feat_w60_min_bal_to_payment_ratio,Dynamic Behavioural (Window 60d),Ratio of balance_min to monthly loan payment (balance_min / payments).,Liquidity runway: how many monthly loan payments can be covered by the lowest balance.,Day 0 to Day 60 post-disbursement,Combines window min balance with contractual payment.
feat_w90_trans_count,Dynamic Behavioural (Window 90d),"Total number of transactions occurring in [0, 90] days post-disbursement.","Drop in transaction frequency signals account dormancy, disuse, or salary cessation.",Day 0 to Day 90 post-disbursement,Strictly filtered: 0 <= days_from_loan <= 90. No future transaction accessed.
feat_w90_inflow_total,Dynamic Behavioural (Window 90d),"Total sum of credit transactions (type == PRIJEM) in [0, 90] days.","Direct measure of incoming income, salary deposits, or business receipts.",Day 0 to Day 90 post-disbursement,Strictly filtered: 0 <= days_from_loan <= 90.
feat_w90_outflow_total,Dynamic Behavioural (Window 90d),"Total sum of debit transactions (type in [VYDAJ, VYBER]) in [0, 90] days.","Total living expenses, withdrawals, and debt obligations leaving the account.",Day 0 to Day 90 post-disbursement,Strictly filtered: 0 <= days_from_loan <= 90.
feat_w90_net_cash_flow,Dynamic Behavioural (Window 90d),"Net cash flow (inflow_total - outflow_total) in [0, 90] days.",Persistent negative cash flow indicates structural liquidity depletion.,Day 0 to Day 90 post-disbursement,Strictly filtered: 0 <= days_from_loan <= 90.
feat_w90_outflow_to_inflow_ratio,Dynamic Behavioural (Window 90d),"Ratio of outflows to inflows (outflow / (inflow + 1.0)) in [0, 90] days.",Cash burn multiplier: values > 1.0 indicate account is being drained faster than replenished.,Day 0 to Day 90 post-disbursement,Strictly filtered: 0 <= days_from_loan <= 90.
feat_w90_cash_withdrawal_amount,Dynamic Behavioural (Window 90d),"Total CZK withdrawn in cash (cash counter VYBER or ATM VYBER KARTOU) in [0, 90] days.",Rapid cash extraction is a recognized behavioral red flag for distress.,Day 0 to Day 90 post-disbursement,Strictly filtered: 0 <= days_from_loan <= 90.
feat_w90_cash_withdrawal_ratio,Dynamic Behavioural (Window 90d),"Proportion of total debits executed in cash (cash_w / (outflows + 1.0)) in [0, 90] days.",Distinguishes structured automated debits from discretionary/panicked cash runs.,Day 0 to Day 90 post-disbursement,Strictly filtered: 0 <= days_from_loan <= 90.
feat_w90_balance_mean,Dynamic Behavioural (Window 90d),"Mean recorded transaction balance in [0, 90] days.",General liquidity level maintained across normal day-to-day operations.,Day 0 to Day 90 post-disbursement,Strictly filtered: 0 <= days_from_loan <= 90.
feat_w90_balance_min,Dynamic Behavioural (Window 90d),"Minimum recorded balance within [0, 90] days.",Measures proximity to zero/overdraft threshold within the observation window.,Day 0 to Day 90 post-disbursement,Window minimum only. NEVER uses full-lifetime balance.
feat_w90_balance_slope,Dynamic Behavioural (Window 90d),"Linear daily slope of balance trajectory over [0, 90] days.",Captures trajectory momentum: negative slope reflects declining reserves.,Day 0 to Day 90 post-disbursement,Strictly filtered: 0 <= days_from_loan <= 90.
feat_w90_had_negative_balance,Dynamic Behavioural (Window 90d),"Binary flag: 1.0 if balance_min < 0 in [0, 90] days, 0.0 otherwise.",Distress marker: indicates account entered unauthorized overdraft within window.,Day 0 to Day 90 post-disbursement,Window-bounded indicator only; not a full-lifetime aggregate.
feat_w90_had_sanction_interest,Dynamic Behavioural (Window 90d),"Binary flag: 1.0 if SANKC. UROK transaction occurred in [0, 90] days, 0.0 otherwise.",Administrative fee marker for overdraft or irregular account servicing.,Day 0 to Day 90 post-disbursement,Strictly filtered: 0 <= days_from_loan <= 90.
feat_w90_min_bal_to_payment_ratio,Dynamic Behavioural (Window 90d),Ratio of balance_min to monthly loan payment (balance_min / payments).,Liquidity runway: how many monthly loan payments can be covered by the lowest balance.,Day 0 to Day 90 post-disbursement,Combines window min balance with contractual payment.
