model,window_days,n_train,n_pos_train,n_test,n_pos_test,prauc_a,prauc_b,delta_prauc,rocauc_a,rocauc_b,delta_rocauc,brier_a,brier_b,delta_brier,n_solvent_test,n_pos_solvent_test,prauc_a_solvent,prauc_b_solvent,delta_prauc_solvent,rocauc_a_solvent,rocauc_b_solvent,delta_rocauc_solvent,cohort
Logistic Regression,30,156,22,78,9,0.34497260586403933,0.5942140738006372,0.24924146793659785,0.6296296296296297,0.8309178743961353,0.20128824476650564,0.17724445701431957,0.13579395086760057,-0.041450506146718996,78,9,0.34497260586403933,0.5942140738006372,0.24924146793659785,0.6296296296296297,0.8309178743961353,0.20128824476650564,Primary (Completed N=234)
Random Forest,30,156,22,78,9,0.16051536051536053,0.20284866368199703,0.0423333031666365,0.571658615136876,0.7391304347826088,0.16747181964573277,0.13633606034805382,0.12376336610065779,-0.01257269424739603,78,9,0.16051536051536053,0.20284866368199703,0.0423333031666365,0.571658615136876,0.7391304347826088,0.16747181964573277,Primary (Completed N=234)
HistGradientBoosting,30,156,22,78,9,0.14815226835150933,0.2955185917142439,0.14736632336273456,0.576489533011272,0.8115942028985507,0.23510466988727863,0.14477865482627345,0.12657923956452583,-0.01819941526174762,78,9,0.14815226835150933,0.2955185917142439,0.14736632336273456,0.576489533011272,0.8115942028985507,0.23510466988727863,Primary (Completed N=234)
Logistic Regression,60,156,22,78,9,0.34497260586403933,0.6304843304843306,0.2855117246202913,0.6296296296296297,0.895330112721417,0.2657004830917874,0.17724445701431957,0.11928908323790413,-0.057955373776415436,78,9,0.34497260586403933,0.6304843304843306,0.2855117246202913,0.6296296296296297,0.895330112721417,0.2657004830917874,Primary (Completed N=234)
Random Forest,60,156,22,78,9,0.16051536051536053,0.28237982061511474,0.12186446009975421,0.571658615136876,0.8132045088566827,0.24154589371980673,0.13633606034805382,0.10612695047332799,-0.03020910987472583,78,9,0.16051536051536053,0.28237982061511474,0.12186446009975421,0.571658615136876,0.8132045088566827,0.24154589371980673,Primary (Completed N=234)
HistGradientBoosting,60,156,22,78,9,0.14815226835150933,0.3653886635069431,0.21723639515543378,0.576489533011272,0.8405797101449275,0.26409017713365546,0.14477865482627345,0.11751762532964606,-0.027261029496627384,78,9,0.14815226835150933,0.3653886635069431,0.21723639515543378,0.576489533011272,0.8405797101449275,0.26409017713365546,Primary (Completed N=234)
Logistic Regression,90,156,22,78,9,0.34497260586403933,0.5685463013477198,0.22357369548368045,0.6296296296296297,0.8373590982286634,0.20772946859903374,0.17724445701431957,0.1186914349620288,-0.058553022052290765,78,9,0.34497260586403933,0.5685463013477198,0.22357369548368045,0.6296296296296297,0.8373590982286634,0.20772946859903374,Primary (Completed N=234)
Random Forest,90,156,22,78,9,0.16051536051536053,0.2842601842601843,0.12374482374482376,0.571658615136876,0.7906602254428341,0.2190016103059581,0.13633606034805382,0.1093952669574017,-0.026940793390652112,78,9,0.16051536051536053,0.2842601842601843,0.12374482374482376,0.571658615136876,0.7906602254428341,0.2190016103059581,Primary (Completed N=234)
HistGradientBoosting,90,156,22,78,9,0.14815226835150933,0.426338923819327,0.2781866554678176,0.576489533011272,0.7310789049919484,0.15458937198067635,0.14477865482627345,0.09565631494007959,-0.049122339886193855,78,9,0.14815226835150933,0.426338923819327,0.2781866554678176,0.576489533011272,0.7310789049919484,0.15458937198067635,Primary (Completed N=234)
