Model,Comparison,Mean Delta,Median Delta,Std Delta,Win Rate (Later > Earlier),Wilcoxon p
Logistic Regression,60d vs 30d,0.04018913854498743,0.030183339485665095,0.08992264411452318,72.0%,0.03933870792388916
Logistic Regression,90d vs 60d,0.00889103364743749,-0.01720848595848601,0.07995022244204343,44.0%,0.615043044090271
Logistic Regression,90d vs 30d,0.049080172192424915,0.02450980392156865,0.10976571049456628,56.0%,0.11993378400802612
Random Forest,60d vs 30d,-0.013405449265024143,-0.023809523809523947,0.13335700287992133,40.0%,0.5964998602867126
Random Forest,90d vs 60d,0.03952555453265473,0.04809586548716982,0.09342607158239372,64.0%,0.03933870792388916
Random Forest,90d vs 30d,0.026120105267630582,0.005032735825069912,0.14984005327610145,52.0%,0.5424043536186218
HistGradientBoosting,60d vs 30d,0.01812028163521419,0.03071106821106817,0.16662297508361623,60.0%,0.5782062411308289
HistGradientBoosting,90d vs 60d,0.06100014028792491,0.07226800976800973,0.1355559975504928,72.0%,0.017312347888946533
HistGradientBoosting,90d vs 30d,0.07912042192313909,0.05823433812564249,0.18355675842845035,60.0%,0.0626264214515686
