Model,Window,Model A PR-AUC,Model B PR-AUC,Delta Mean,Delta Median,Delta Std,Win Rate,Wilcoxon p,Model A ROC-AUC,Model B ROC-AUC,Model A Brier,Model B Brier,Solvent Model A PR-AUC,Solvent Model B PR-AUC,Solvent Delta Mean,Solvent Win Rate
HistGradientBoosting,30d,0.333 +/- 0.116,0.613 +/- 0.165,0.28020104739319085,0.2895529572283192,0.19420759786188113,96.0%,1.9669532775878906e-06,0.678 +/- 0.098,0.809 +/- 0.123,0.139 +/- 0.025,0.092 +/- 0.032,0.333,0.589,0.25519864061311986,96.0%
HistGradientBoosting,60d,0.333 +/- 0.116,0.631 +/- 0.141,0.298321329028405,0.2767097863217095,0.1575697554532712,100.0%,5.960464477539063e-08,0.678 +/- 0.098,0.833 +/- 0.106,0.139 +/- 0.025,0.088 +/- 0.026,0.333,0.602,0.26833991990498973,96.0%
HistGradientBoosting,90d,0.333 +/- 0.116,0.692 +/- 0.127,0.3593214693163299,0.33465811965811965,0.16827643766634925,96.0%,1.1920928955078125e-07,0.678 +/- 0.098,0.872 +/- 0.082,0.139 +/- 0.025,0.080 +/- 0.021,0.346,0.610,0.2645523845094959,96.0%
Logistic Regression,30d,0.524 +/- 0.117,0.708 +/- 0.124,0.1836642320261159,0.1915991415991416,0.15979867965436093,92.0%,1.0073184967041016e-05,0.755 +/- 0.088,0.863 +/- 0.076,0.179 +/- 0.026,0.135 +/- 0.023,0.503,0.680,0.17684311218742343,92.0%
Logistic Regression,60d,0.524 +/- 0.117,0.748 +/- 0.109,0.22385337057110333,0.26489612039147636,0.1361060444664289,96.0%,1.1920928955078125e-07,0.755 +/- 0.088,0.886 +/- 0.062,0.179 +/- 0.026,0.109 +/- 0.024,0.513,0.698,0.18441445072666307,92.0%
Logistic Regression,90d,0.524 +/- 0.117,0.757 +/- 0.101,0.2327444042185408,0.2505807200929153,0.12762592773799789,96.0%,1.1920928955078125e-07,0.755 +/- 0.088,0.886 +/- 0.057,0.179 +/- 0.026,0.112 +/- 0.020,0.499,0.671,0.1719752333041962,84.0%
Random Forest,30d,0.351 +/- 0.131,0.602 +/- 0.165,0.2514157719664925,0.23217684087249302,0.17169680508160085,92.0%,1.4901161193847656e-06,0.694 +/- 0.111,0.816 +/- 0.095,0.138 +/- 0.014,0.105 +/- 0.011,0.350,0.566,0.21550110051468852,88.0%
Random Forest,60d,0.351 +/- 0.131,0.589 +/- 0.150,0.23801032270146835,0.270422153614022,0.1651351240091691,92.0%,1.9669532775878906e-06,0.694 +/- 0.111,0.843 +/- 0.095,0.138 +/- 0.014,0.099 +/- 0.012,0.361,0.542,0.1817328855679019,80.0%
Random Forest,90d,0.351 +/- 0.131,0.628 +/- 0.141,0.2775358772341231,0.2881056808688388,0.1544970292944866,96.0%,1.1920928955078125e-07,0.694 +/- 0.111,0.861 +/- 0.090,0.138 +/- 0.014,0.093 +/- 0.014,0.362,0.500,0.13777223664091745,76.0%
